time_iso,elapsed_s,V_mV,I_mA,T_0p1C
2026-09-04T11:23:16.356,0.000,4073,13,239
2026-09-04T11:23:16.556,0.200,4073,11,239
2026-09-04T11:23:16.756,0.400,4073,14,239
2026-09-04T11:23:16.956,0.599,4073,12,239
2026-09-04T11:23:17.155,0.799,4075,13,239
2026-09-04T11:23:17.355,0.999,4073,14,239
2026-09-04T11:23:17.555,1.199,4073,13,239
2026-09-04T11:23:17.755,1.399,4072,13,239
2026-09-04T11:23:17.955,1.598,4073,14,239
2026-09-04T11:23:18.154,1.798,4073,15,239
2026-09-04T11:23:18.354,1.998,4072,14,239
2026-09-04T11:23:18.554,2.198,4073,15,239
2026-09-04T11:23:18.754,2.397,4072,13,239
2026-09-04T11:23:18.953,2.597,4073,12,239
2026-09-04T11:23:19.153,2.797,4073,13,239
2026-09-04T11:23:19.353,2.997,4073,13,239
2026-09-04T11:23:19.553,3.196,4073,12,239
2026-09-04T11:23:19.753,3.396,4072,14,239
2026-09-04T11:23:19.952,3.596,4073,12,238
2026-09-04T11:23:20.152,3.796,4073,13,239
2026-09-04T11:23:20.352,3.996,4073,15,239
2026-09-04T11:23:20.552,4.195,4073,12,239
2026-09-04T11:23:20.751,4.395,4073,15,239
2026-09-04T11:23:20.951,4.595,4073,13,239
2026-09-04T11:23:21.151,4.795,4073,16,239
2026-09-04T11:23:21.351,4.995,4073,13,240
2026-09-04T11:23:21.551,5.194,4073,15,239
2026-09-04T11:23:21.750,5.394,4075,13,239
2026-09-04T11:23:21.950,5.594,4073,12,239
2026-09-04T11:23:22.150,5.794,4073,13,240
2026-09-04T11:23:22.350,5.993,4073,12,239
2026-09-04T11:23:22.549,6.193,4073,13,239
2026-09-04T11:23:22.749,6.393,4073,14,239
2026-09-04T11:23:22.949,6.593,4073,13,240
2026-09-04T11:23:23.149,6.793,4073,13,239
2026-09-04T11:23:23.349,6.992,4073,14,240
2026-09-04T11:23:23.548,7.192,4073,13,239
2026-09-04T11:23:23.748,7.392,4073,13,240
2026-09-04T11:23:23.948,7.592,4073,15,240
2026-09-04T11:23:24.148,7.792,4072,14,240
2026-09-04T11:23:24.348,7.991,4073,12,239
2026-09-04T11:23:24.548,8.191,4073,13,240
2026-09-04T11:23:24.748,8.391,4073,13,240
2026-09-04T11:23:24.947,8.591,4073,11,240
2026-09-04T11:23:25.147,8.791,4073,14,240
2026-09-04T11:23:25.347,8.990,4073,12,240
2026-09-04T11:23:25.547,9.190,4073,13,239
2026-09-04T11:23:25.746,9.390,4073,13,240
2026-09-04T11:23:25.946,9.590,4072,13,240
2026-09-04T11:23:26.146,9.790,4073,14,240
2026-09-04T11:23:26.345,9.989,4073,15,240
2026-09-04T11:23:26.546,10.190,4075,13,240
2026-09-04T11:23:26.745,10.389,4075,15,240
2026-09-04T11:23:26.945,10.589,4073,13,240
2026-09-04T11:23:27.145,10.789,4073,15,241
2026-09-04T11:23:27.345,10.988,4073,12,240
2026-09-04T11:23:27.544,11.188,4073,15,241
2026-09-04T11:23:27.744,11.388,4075,12,240
2026-09-04T11:23:27.944,11.588,4073,14,241
2026-09-04T11:23:28.144,11.788,4073,12,240
2026-09-04T11:23:28.344,11.988,4073,13,240
2026-09-04T11:23:28.544,12.188,4073,13,240
2026-09-04T11:23:28.743,12.387,4073,15,240
2026-09-04T11:23:28.944,12.587,4073,13,240
2026-09-04T11:23:29.143,12.787,4073,14,240
2026-09-04T11:23:29.343,12.987,4073,12,240
2026-09-04T11:23:29.543,13.187,4073,14,240
2026-09-04T11:23:29.742,13.386,4073,14,241
2026-09-04T11:23:29.942,13.586,4073,14,240
2026-09-04T11:23:30.142,13.786,4073,14,241
2026-09-04T11:23:30.342,13.986,4072,14,240
2026-09-04T11:23:30.542,14.185,4073,12,241
2026-09-04T11:23:30.742,14.386,4073,11,240
2026-09-04T11:23:30.941,14.585,4073,14,241
2026-09-04T11:23:31.141,14.785,4073,12,240
2026-09-04T11:23:31.341,14.985,4073,13,240
2026-09-04T11:23:31.541,15.185,4075,14,240
2026-09-04T11:23:31.741,15.384,4073,12,241
2026-09-04T11:23:31.941,15.584,4072,13,240
2026-09-04T11:23:32.140,15.784,4072,14,241
2026-09-04T11:23:32.340,15.984,4073,13,240
2026-09-04T11:23:32.540,16.184,4072,14,240
2026-09-04T11:23:32.740,16.384,4073,15,241
2026-09-04T11:23:32.940,16.583,4073,13,241
2026-09-04T11:23:33.140,16.784,4072,12,241
2026-09-04T11:23:33.339,16.983,4073,13,240
2026-09-04T11:23:33.539,17.183,4073,12,241
2026-09-04T11:23:33.739,17.383,4073,12,241
2026-09-04T11:23:33.939,17.583,4073,14,241
2026-09-04T11:23:34.139,17.783,4073,12,241
2026-09-04T11:23:34.339,17.983,4072,13,241
2026-09-04T11:23:34.539,18.182,4073,12,240
2026-09-04T11:23:34.739,18.382,4073,13,241
2026-09-04T11:23:34.939,18.583,4073,13,241
2026-09-04T11:23:35.138,18.782,4073,15,241
2026-09-04T11:23:35.338,18.982,4073,13,241
2026-09-04T11:23:35.538,19.181,4073,15,241
2026-09-04T11:23:35.738,19.382,4072,13,241
2026-09-04T11:23:35.938,19.581,4073,15,241
2026-09-04T11:23:36.137,19.781,4073,11,242
2026-09-04T11:23:36.337,19.981,4073,16,241
2026-09-04T11:23:36.537,20.181,4073,12,241
2026-09-04T11:23:36.737,20.381,4073,15,241
2026-09-04T11:23:36.937,20.581,4073,13,241
2026-09-04T11:23:37.137,20.780,4073,12,242
2026-09-04T11:23:37.337,20.980,4072,13,241
2026-09-04T11:23:37.537,21.181,4073,12,241
2026-09-04T11:23:37.736,21.380,4073,13,242
2026-09-04T11:23:37.936,21.580,4073,14,242
2026-09-04T11:23:38.136,21.780,4073,13,241
2026-09-04T11:23:38.336,21.980,4072,13,242
2026-09-04T11:23:38.536,22.180,4073,14,241
2026-09-04T11:23:38.736,22.379,4075,15,242
2026-09-04T11:23:38.936,22.580,4073,14,241
2026-09-04T11:23:39.135,22.779,4073,14,242
2026-09-04T11:23:39.335,22.979,4073,14,241
2026-09-04T11:23:39.535,23.179,4073,12,241
2026-09-04T11:23:39.735,23.379,4072,13,242
2026-09-04T11:23:39.935,23.579,4073,12,241
2026-09-04T11:23:40.135,23.778,4073,12,242
2026-09-04T11:23:40.334,23.978,4073,14,242
2026-09-04T11:23:40.534,24.178,4073,12,241
2026-09-04T11:23:40.734,24.378,4073,13,241
2026-09-04T11:23:40.934,24.578,4072,12,242
2026-09-04T11:23:41.134,24.777,4073,13,242
2026-09-04T11:23:41.334,24.978,4073,13,242
2026-09-04T11:23:41.534,25.177,4073,15,242
2026-09-04T11:23:41.733,25.377,4072,13,242
2026-09-04T11:23:41.933,25.577,4073,15,242
2026-09-04T11:23:42.133,25.777,4073,14,242
2026-09-04T11:23:42.333,25.977,4073,15,242
2026-09-04T11:23:42.533,26.176,4073,12,241
2026-09-04T11:23:42.733,26.376,4072,15,242
2026-09-04T11:23:42.932,26.576,4073,12,242
2026-09-04T11:23:43.132,26.776,4073,14,242
2026-09-04T11:23:43.332,26.976,4073,12,242
2026-09-04T11:23:43.532,27.176,4073,11,242
2026-09-04T11:23:43.732,27.375,4073,14,242
2026-09-04T11:23:43.932,27.575,4072,14,242
2026-09-04T11:23:44.132,27.775,4073,13,242
2026-09-04T11:23:44.332,27.975,4073,14,242
2026-09-04T11:23:44.531,28.175,4072,13,242
2026-09-04T11:23:44.731,28.375,4073,14,242
2026-09-04T11:23:44.931,28.575,4073,15,242
2026-09-04T11:23:45.130,28.774,4072,14,242
2026-09-04T11:23:45.330,28.974,4073,15,242
2026-09-04T11:23:45.530,29.174,4073,13,242
2026-09-04T11:23:45.730,29.374,4073,15,241
2026-09-04T11:23:45.930,29.573,4073,12,242
2026-09-04T11:23:46.130,29.773,4073,14,242
2026-09-04T11:23:46.330,29.974,4000,1053,242
2026-09-04T11:23:46.529,30.173,3953,1662,242
2026-09-04T11:23:46.729,30.373,3952,1661,241
2026-09-04T11:23:46.929,30.573,3950,1662,241
2026-09-04T11:23:47.129,30.773,3948,1663,241
2026-09-04T11:23:47.329,30.972,3947,1662,242
2026-09-04T11:23:47.528,31.172,3947,1662,242
2026-09-04T11:23:47.728,31.372,3946,1663,241
2026-09-04T11:23:47.929,31.572,3946,1662,241
2026-09-04T11:23:48.128,31.772,3945,1663,242
2026-09-04T11:23:48.328,31.972,3945,1663,241
2026-09-04T11:23:48.528,32.171,3942,1664,242
2026-09-04T11:23:48.728,32.371,3942,1662,242
2026-09-04T11:23:48.928,32.571,3941,1663,242
2026-09-04T11:23:49.127,32.771,3941,1662,242
2026-09-04T11:23:49.328,32.971,3940,1663,242
2026-09-04T11:23:49.527,33.171,3940,1661,241
2026-09-04T11:23:49.727,33.371,3937,1663,242
2026-09-04T11:23:49.927,33.570,3938,1661,242
2026-09-04T11:23:50.126,33.770,3937,1663,241
2026-09-04T11:23:50.326,33.970,3936,1661,242
2026-09-04T11:23:50.526,34.170,3937,1660,242
2026-09-04T11:23:50.726,34.370,3936,1663,242
2026-09-04T11:23:50.926,34.570,3935,1661,241
2026-09-04T11:23:51.126,34.769,3935,1662,241
2026-09-04T11:23:51.326,34.969,3935,1661,242
2026-09-04T11:23:51.525,35.169,3935,1662,242
2026-09-04T11:23:51.725,35.369,3933,1663,242
2026-09-04T11:23:51.925,35.569,3933,1662,241
2026-09-04T11:23:52.125,35.769,3931,1663,242
2026-09-04T11:23:52.325,35.969,3932,1663,242
2026-09-04T11:23:52.525,36.168,3931,1663,241
2026-09-04T11:23:52.724,36.368,3931,1662,242
2026-09-04T11:23:52.924,36.568,3931,1664,241
2026-09-04T11:23:53.124,36.768,3930,1663,241
2026-09-04T11:23:53.324,36.968,3930,1662,242
2026-09-04T11:23:53.524,37.168,3928,1664,241
2026-09-04T11:23:53.724,37.367,3928,1662,242
2026-09-04T11:23:53.924,37.568,3928,1663,242
2026-09-04T11:23:54.124,37.767,3928,1661,241
2026-09-04T11:23:54.323,37.967,3927,1663,242
2026-09-04T11:23:54.523,38.167,3927,1661,242
2026-09-04T11:23:54.723,38.367,3926,1663,242
2026-09-04T11:23:54.923,38.567,3926,1661,241
2026-09-04T11:23:55.123,38.766,3926,1663,241
2026-09-04T11:23:55.322,38.966,3925,1663,242
2026-09-04T11:23:55.522,39.166,3925,1662,242
2026-09-04T11:23:55.722,39.366,3923,1662,241
2026-09-04T11:23:55.922,39.566,3923,1664,241
2026-09-04T11:23:56.122,39.765,3923,1661,242
2026-09-04T11:23:56.322,39.966,3923,1664,242
2026-09-04T11:23:56.522,40.166,3923,1661,241
2026-09-04T11:23:56.721,40.365,3923,1662,242
2026-09-04T11:23:56.921,40.565,3922,1664,242
2026-09-04T11:23:57.121,40.765,3922,1663,243
2026-09-04T11:23:57.321,40.965,3922,1661,243
2026-09-04T11:23:57.521,41.164,3922,1664,242
2026-09-04T11:23:57.721,41.364,3921,1662,242
2026-09-04T11:23:57.921,41.564,3921,1663,242
2026-09-04T11:23:58.120,41.764,3920,1663,242
2026-09-04T11:23:58.320,41.964,3920,1661,242
2026-09-04T11:23:58.520,42.164,3920,1664,243
2026-09-04T11:23:58.720,42.363,3920,1661,242
2026-09-04T11:23:58.919,42.563,3918,1663,242
2026-09-04T11:23:59.119,42.763,3920,1661,242
2026-09-04T11:23:59.319,42.963,3918,1663,242
2026-09-04T11:23:59.519,43.163,3918,1662,242
2026-09-04T11:23:59.719,43.363,3918,1663,242
2026-09-04T11:23:59.919,43.562,3917,1664,242
2026-09-04T11:24:00.119,43.763,3918,1663,242
2026-09-04T11:24:00.318,43.962,3917,1664,242
2026-09-04T11:24:00.519,44.163,3918,1663,241
2026-09-04T11:24:00.718,44.362,3917,1664,242
2026-09-04T11:24:00.918,44.562,3916,1665,242
2026-09-04T11:24:01.118,44.762,3915,1663,242
2026-09-04T11:24:01.318,44.961,3915,1663,242
2026-09-04T11:24:01.518,45.161,3916,1664,241
2026-09-04T11:24:01.717,45.361,3913,1663,241
2026-09-04T11:24:01.917,45.561,3916,1661,242
2026-09-04T11:24:02.117,45.761,3913,1665,242
2026-09-04T11:24:02.317,45.961,3915,1662,241
2026-09-04T11:24:02.517,46.160,3913,1662,242
2026-09-04T11:24:02.717,46.360,3913,1662,242
2026-09-04T11:24:02.916,46.560,3913,1663,241
2026-09-04T11:24:03.116,46.760,3915,1662,241
2026-09-04T11:24:03.316,46.960,3913,1663,241
2026-09-04T11:24:03.516,47.160,3913,1663,242
2026-09-04T11:24:03.717,47.361,3913,1662,242
2026-09-04T11:24:03.916,47.559,3912,1662,241
2026-09-04T11:24:04.116,47.759,3912,1664,241
2026-09-04T11:24:04.315,47.959,3912,1662,242
2026-09-04T11:24:04.515,48.159,3912,1666,241
2026-09-04T11:24:04.715,48.359,3911,1662,241
2026-09-04T11:24:04.915,48.559,3911,1663,241
2026-09-04T11:24:05.115,48.758,3911,1664,241
2026-09-04T11:24:05.315,48.959,3910,1664,241
2026-09-04T11:24:05.514,49.158,3911,1661,242
2026-09-04T11:24:05.714,49.358,3910,1665,241
2026-09-04T11:24:05.914,49.558,3910,1662,240
2026-09-04T11:24:06.114,49.758,3910,1663,241
2026-09-04T11:24:06.314,49.958,3910,1662,241
2026-09-04T11:24:06.513,50.157,3910,1664,241
2026-09-04T11:24:06.713,50.357,3910,1663,241
2026-09-04T11:24:06.913,50.557,3908,1662,242
2026-09-04T11:24:07.113,50.757,3907,1664,241
2026-09-04T11:24:07.313,50.957,3908,1662,241
2026-09-04T11:24:07.513,51.157,3908,1663,240
2026-09-04T11:24:07.713,51.357,3908,1662,241
2026-09-04T11:24:07.913,51.557,3907,1663,241
2026-09-04T11:24:08.113,51.756,3908,1663,241
2026-09-04T11:24:08.312,51.956,3907,1663,241
2026-09-04T11:24:08.512,52.156,3907,1663,241
2026-09-04T11:24:08.712,52.356,3907,1663,241
2026-09-04T11:24:08.912,52.555,3907,1664,240
2026-09-04T11:24:09.112,52.755,3906,1664,240
2026-09-04T11:24:09.311,52.955,3906,1664,241
2026-09-04T11:24:09.511,53.155,3906,1665,241
2026-09-04T11:24:09.711,53.355,3906,1663,241
2026-09-04T11:24:09.911,53.555,3906,1664,241
2026-09-04T11:24:10.111,53.755,3906,1664,240
2026-09-04T11:24:10.311,53.954,3906,1664,240
2026-09-04T11:24:10.510,54.154,3906,1661,241
2026-09-04T11:24:10.711,54.354,3905,1666,240
2026-09-04T11:24:10.910,54.554,3905,1662,240
2026-09-04T11:24:11.110,54.754,3906,1661,241
2026-09-04T11:24:11.310,54.954,3905,1662,240
2026-09-04T11:24:11.510,55.154,3903,1662,240
2026-09-04T11:24:11.710,55.353,3905,1663,240
2026-09-04T11:24:11.909,55.553,3905,1662,240
2026-09-04T11:24:12.109,55.753,3903,1663,240
2026-09-04T11:24:12.309,55.953,3903,1662,240
2026-09-04T11:24:12.509,56.152,3903,1662,240
2026-09-04T11:24:12.708,56.352,3903,1664,240
2026-09-04T11:24:12.908,56.552,3902,1663,240
2026-09-04T11:24:13.108,56.752,3902,1664,240
2026-09-04T11:24:13.308,56.952,3902,1663,240
2026-09-04T11:24:13.508,57.152,3902,1663,240
2026-09-04T11:24:13.708,57.352,3902,1663,240
2026-09-04T11:24:13.907,57.551,3902,1664,240
2026-09-04T11:24:14.107,57.751,3902,1662,240
2026-09-04T11:24:14.307,57.951,3902,1664,240
2026-09-04T11:24:14.507,58.151,3902,1661,239
2026-09-04T11:24:14.707,58.351,3902,1664,240
2026-09-04T11:24:14.907,58.551,3901,1661,240
2026-09-04T11:24:15.107,58.751,3902,1664,240
2026-09-04T11:24:15.307,58.950,3902,1662,240
2026-09-04T11:24:15.506,59.150,3901,1662,240
2026-09-04T11:24:15.706,59.350,3901,1663,241
2026-09-04T11:24:15.906,59.550,3900,1662,240
2026-09-04T11:24:16.106,59.750,3900,1663,240
2026-09-04T11:24:16.306,59.950,3900,1662,240
2026-09-04T11:24:16.506,60.150,3900,1662,239
2026-09-04T11:24:16.706,60.349,3901,1664,240
2026-09-04T11:24:16.906,60.549,3898,1662,240
2026-09-04T11:24:17.105,60.749,3900,1663,240
2026-09-04T11:24:17.305,60.949,3898,1662,240
2026-09-04T11:24:17.505,61.149,3900,1664,240
2026-09-04T11:24:17.705,61.349,3900,1662,240
2026-09-04T11:24:17.905,61.549,3898,1663,239
2026-09-04T11:24:18.105,61.749,3898,1664,239
2026-09-04T11:24:18.305,61.949,3898,1663,240
2026-09-04T11:24:18.505,62.149,3898,1663,240
2026-09-04T11:24:18.704,62.348,3898,1664,240
2026-09-04T11:24:18.904,62.548,3898,1664,240
2026-09-04T11:24:19.104,62.748,3898,1662,240
2026-09-04T11:24:19.304,62.948,3898,1664,239
2026-09-04T11:24:19.504,63.148,3898,1664,239
2026-09-04T11:24:19.704,63.348,3897,1663,240
2026-09-04T11:24:19.904,63.548,3897,1660,240
2026-09-04T11:24:20.104,63.747,3897,1665,239
2026-09-04T11:24:20.304,63.947,3897,1661,239
2026-09-04T11:24:20.504,64.148,3897,1662,240
2026-09-04T11:24:20.704,64.348,3897,1661,240
2026-09-04T11:24:20.903,64.547,3897,1662,239
2026-09-04T11:24:21.103,64.747,3897,1661,239
2026-09-04T11:24:21.303,64.947,3897,1662,239
2026-09-04T11:24:21.503,65.147,3896,1663,238
2026-09-04T11:24:21.703,65.346,3896,1662,239
2026-09-04T11:24:21.902,65.546,3895,1663,240
2026-09-04T11:24:22.102,65.746,3896,1663,239
2026-09-04T11:24:22.302,65.946,3897,1662,239
2026-09-04T11:24:22.502,66.146,3896,1664,239
2026-09-04T11:24:22.702,66.346,3896,1663,240
2026-09-04T11:24:22.902,66.546,3896,1663,239
2026-09-04T11:24:23.102,66.746,3895,1662,239
2026-09-04T11:24:23.302,66.945,3895,1664,239
2026-09-04T11:24:23.502,67.145,3895,1662,240
2026-09-04T11:24:23.702,67.345,3895,1663,239
2026-09-04T11:24:23.901,67.545,3893,1664,239
2026-09-04T11:24:24.101,67.745,3895,1663,240
2026-09-04T11:24:24.301,67.945,3895,1660,239
2026-09-04T11:24:24.501,68.145,3895,1664,239
2026-09-04T11:24:24.701,68.344,3893,1661,239
2026-09-04T11:24:24.901,68.544,3893,1663,240
2026-09-04T11:24:25.101,68.744,3893,1661,239
2026-09-04T11:24:25.300,68.944,3895,1664,239
2026-09-04T11:24:25.500,69.144,3893,1662,239
2026-09-04T11:24:25.700,69.344,3893,1661,240
2026-09-04T11:24:25.900,69.544,3893,1662,239
2026-09-04T11:24:26.100,69.743,3893,1661,239
2026-09-04T11:24:26.300,69.943,3893,1663,239
2026-09-04T11:24:26.499,70.143,3893,1661,239
2026-09-04T11:24:26.699,70.343,3892,1662,238
2026-09-04T11:24:26.899,70.543,3892,1665,239
2026-09-04T11:24:27.099,70.743,3892,1661,239
2026-09-04T11:24:27.299,70.943,3893,1663,239
2026-09-04T11:24:27.499,71.142,3893,1662,239
2026-09-04T11:24:27.699,71.343,3892,1665,239
2026-09-04T11:24:27.899,71.542,3893,1662,239
2026-09-04T11:24:28.098,71.742,3892,1664,239
2026-09-04T11:24:28.298,71.942,3892,1663,239
2026-09-04T11:24:28.498,72.142,3892,1663,239
2026-09-04T11:24:28.698,72.342,3892,1662,239
2026-09-04T11:24:28.898,72.542,3892,1665,239
2026-09-04T11:24:29.098,72.742,3892,1664,239
2026-09-04T11:24:29.298,72.941,3892,1663,238
2026-09-04T11:24:29.498,73.141,3892,1663,239
2026-09-04T11:24:29.697,73.341,3891,1664,239
2026-09-04T11:24:29.897,73.541,3891,1661,239
2026-09-04T11:24:30.097,73.741,3892,1661,239
2026-09-04T11:24:30.297,73.941,3891,1663,239
2026-09-04T11:24:30.497,74.141,3892,1662,239
2026-09-04T11:24:30.697,74.341,3891,1663,240
2026-09-04T11:24:30.896,74.540,3891,1661,239
2026-09-04T11:24:31.096,74.740,3891,1662,239
2026-09-04T11:24:31.296,74.940,3891,1662,238
2026-09-04T11:24:31.496,75.140,3891,1663,238
2026-09-04T11:24:31.696,75.340,3890,1663,239
2026-09-04T11:24:31.896,75.540,3890,1663,239
2026-09-04T11:24:32.096,75.740,3890,1663,239
2026-09-04T11:24:32.296,75.939,3890,1663,239
2026-09-04T11:24:32.496,76.139,3890,1662,238
2026-09-04T11:24:32.696,76.339,3890,1665,239
2026-09-04T11:24:32.895,76.539,3888,1663,239
2026-09-04T11:24:33.095,76.739,3890,1664,238
2026-09-04T11:24:33.295,76.939,3890,1665,238
2026-09-04T11:24:33.495,77.139,3888,1664,239
2026-09-04T11:24:33.695,77.339,3888,1662,239
2026-09-04T11:24:33.895,77.538,3888,1664,239
2026-09-04T11:24:34.095,77.738,3890,1664,239
2026-09-04T11:24:34.294,77.938,3888,1663,239
2026-09-04T11:24:34.494,78.138,3888,1661,238
2026-09-04T11:24:34.695,78.338,3888,1665,239
2026-09-04T11:24:34.894,78.538,3888,1662,239
2026-09-04T11:24:35.094,78.738,3888,1663,239
2026-09-04T11:24:35.294,78.938,3888,1662,238
2026-09-04T11:24:35.494,79.137,3888,1664,239
2026-09-04T11:24:35.694,79.338,3888,1662,239
2026-09-04T11:24:35.893,79.537,3887,1661,238
2026-09-04T11:24:36.094,79.737,3888,1663,239
2026-09-04T11:24:36.293,79.937,3888,1662,238
2026-09-04T11:24:36.493,80.137,3887,1662,238
2026-09-04T11:24:36.693,80.337,3888,1664,239
2026-09-04T11:24:36.893,80.537,3888,1663,239
2026-09-04T11:24:37.093,80.737,3888,1662,239
2026-09-04T11:24:37.292,80.936,3888,1663,239
2026-09-04T11:24:37.492,81.136,3887,1664,238
2026-09-04T11:24:37.692,81.336,3887,1662,239
2026-09-04T11:24:37.892,81.536,3887,1663,238
2026-09-04T11:24:38.092,81.736,3886,1664,238
2026-09-04T11:24:38.292,81.935,3887,1662,239
2026-09-04T11:24:38.492,82.135,3887,1663,239
2026-09-04T11:24:38.692,82.335,3886,1664,238
2026-09-04T11:24:38.891,82.535,3886,1665,239
2026-09-04T11:24:39.091,82.735,3886,1662,238
2026-09-04T11:24:39.291,82.935,3887,1664,238
2026-09-04T11:24:39.491,83.135,3886,1663,239
2026-09-04T11:24:39.691,83.335,3887,1661,238
2026-09-04T11:24:39.891,83.535,3886,1661,238
2026-09-04T11:24:40.090,83.734,3886,1663,239
2026-09-04T11:24:40.290,83.934,3886,1662,239
2026-09-04T11:24:40.490,84.134,3885,1662,238
2026-09-04T11:24:40.690,84.334,3886,1662,238
2026-09-04T11:24:40.890,84.533,3886,1662,238
2026-09-04T11:24:41.090,84.734,3886,1662,237
2026-09-04T11:24:41.290,84.933,3886,1662,239
2026-09-04T11:24:41.489,85.133,3885,1663,239
2026-09-04T11:24:41.689,85.333,3885,1661,239
2026-09-04T11:24:41.889,85.533,3885,1662,238
2026-09-04T11:24:42.089,85.733,3885,1664,238
2026-09-04T11:24:42.289,85.933,3885,1663,239
2026-09-04T11:24:42.489,86.132,3885,1663,238
2026-09-04T11:24:42.689,86.332,3885,1663,238
2026-09-04T11:24:42.889,86.532,3886,1665,239
2026-09-04T11:24:43.088,86.732,3885,1663,239
2026-09-04T11:24:43.288,86.932,3885,1663,239
2026-09-04T11:24:43.488,87.132,3885,1663,239
2026-09-04T11:24:43.688,87.332,3885,1664,239
2026-09-04T11:24:43.888,87.532,3885,1660,238
2026-09-04T11:24:44.088,87.731,3883,1665,238
2026-09-04T11:24:44.288,87.932,3885,1661,239
2026-09-04T11:24:44.487,88.131,3883,1662,238
2026-09-04T11:24:44.688,88.331,3885,1661,238
2026-09-04T11:24:44.887,88.531,3885,1665,239
2026-09-04T11:24:45.087,88.731,3883,1662,239
2026-09-04T11:24:45.287,88.931,3885,1661,239
2026-09-04T11:24:45.487,89.131,3883,1663,238
2026-09-04T11:24:45.687,89.331,3883,1662,238
2026-09-04T11:24:45.886,89.530,3883,1662,237
2026-09-04T11:24:46.086,89.730,3885,1663,239
2026-09-04T11:24:46.286,89.930,3883,1663,239
2026-09-04T11:24:46.486,90.130,3883,1663,238
2026-09-04T11:24:46.686,90.330,3885,1663,239
2026-09-04T11:24:46.886,90.530,3883,1663,239
2026-09-04T11:24:47.086,90.729,3883,1661,239
2026-09-04T11:24:47.286,90.930,3883,1662,238
2026-09-04T11:24:47.486,91.129,3883,1665,238
2026-09-04T11:24:47.685,91.329,3885,1663,239
2026-09-04T11:24:47.885,91.529,3882,1664,238
2026-09-04T11:24:48.085,91.729,3883,1665,238
2026-09-04T11:24:48.285,91.929,3883,1664,239
2026-09-04T11:24:48.485,92.128,3882,1662,238
2026-09-04T11:24:48.685,92.329,3882,1664,238
2026-09-04T11:24:48.885,92.529,3882,1663,239
2026-09-04T11:24:49.084,92.728,3882,1663,238
2026-09-04T11:24:49.285,92.929,3883,1661,238
2026-09-04T11:24:49.484,93.128,3882,1663,239
2026-09-04T11:24:49.684,93.328,3883,1661,239
2026-09-04T11:24:49.884,93.528,3882,1661,239
2026-09-04T11:24:50.084,93.727,3882,1662,238
2026-09-04T11:24:50.284,93.927,3883,1661,238
2026-09-04T11:24:50.483,94.127,3883,1662,238
2026-09-04T11:24:50.683,94.327,3882,1662,238
2026-09-04T11:24:50.883,94.527,3882,1663,238
2026-09-04T11:24:51.084,94.728,3882,1662,239
2026-09-04T11:24:51.283,94.927,3882,1663,238
2026-09-04T11:24:51.483,95.127,3882,1664,238
2026-09-04T11:24:51.683,95.326,3883,1662,239
2026-09-04T11:24:51.883,95.526,3881,1663,238
2026-09-04T11:24:52.082,95.726,3882,1663,238
2026-09-04T11:24:52.282,95.926,3882,1663,239
2026-09-04T11:24:52.482,96.126,3882,1663,238
2026-09-04T11:24:52.682,96.326,3882,1664,238
2026-09-04T11:24:52.882,96.526,3881,1662,239
2026-09-04T11:24:53.082,96.725,3881,1663,238
2026-09-04T11:24:53.282,96.925,3881,1660,238
2026-09-04T11:24:53.481,97.125,3881,1664,239
2026-09-04T11:24:53.681,97.325,3881,1661,238
2026-09-04T11:24:53.881,97.525,3881,1664,238
2026-09-04T11:24:54.081,97.724,3881,1662,239
2026-09-04T11:24:54.281,97.924,3880,1661,239
2026-09-04T11:24:54.480,98.124,3881,1663,238
2026-09-04T11:24:54.680,98.324,3881,1662,238
2026-09-04T11:24:54.880,98.524,3881,1663,238
2026-09-04T11:24:55.080,98.724,3881,1662,238
2026-09-04T11:24:55.280,98.924,3881,1663,239
2026-09-04T11:24:55.480,99.123,3880,1664,239
2026-09-04T11:24:55.680,99.323,3881,1662,238
2026-09-04T11:24:55.879,99.523,3881,1662,239
2026-09-04T11:24:56.079,99.723,3880,1663,239
2026-09-04T11:24:56.280,99.923,3880,1664,239
2026-09-04T11:24:56.479,100.123,3880,1663,238
2026-09-04T11:24:56.679,100.323,3880,1664,238
2026-09-04T11:24:56.879,100.522,3880,1664,239
2026-09-04T11:24:57.079,100.722,3880,1662,239
2026-09-04T11:24:57.279,100.922,3880,1664,239
2026-09-04T11:24:57.478,101.122,3880,1664,239
2026-09-04T11:24:57.678,101.322,3880,1663,239
2026-09-04T11:24:57.878,101.522,3881,1663,239
2026-09-04T11:24:58.078,101.722,3880,1663,239
2026-09-04T11:24:58.278,101.922,3880,1662,239
2026-09-04T11:24:58.478,102.122,3880,1664,239
2026-09-04T11:24:58.678,102.322,3878,1662,239
2026-09-04T11:24:58.878,102.521,3880,1662,239
2026-09-04T11:24:59.077,102.721,3878,1661,240
2026-09-04T11:24:59.278,102.921,3880,1661,239
2026-09-04T11:24:59.477,103.121,3880,1662,239
2026-09-04T11:24:59.677,103.321,3880,1662,239
2026-09-04T11:24:59.877,103.521,3880,1664,238
2026-09-04T11:25:00.077,103.721,3880,1662,239
2026-09-04T11:25:00.277,103.921,3878,1663,240
2026-09-04T11:25:00.477,104.120,3878,1663,239
2026-09-04T11:25:00.677,104.320,3878,1663,239
2026-09-04T11:25:00.876,104.520,3878,1664,240
2026-09-04T11:25:01.076,104.720,3878,1663,240
2026-09-04T11:25:01.277,104.920,3878,1665,239
2026-09-04T11:25:01.476,105.120,3878,1662,239
2026-09-04T11:25:01.676,105.320,3878,1663,240
2026-09-04T11:25:01.876,105.520,3878,1665,240
2026-09-04T11:25:02.076,105.719,3880,1663,240
2026-09-04T11:25:02.276,105.919,3878,1660,240
2026-09-04T11:25:02.475,106.119,3878,1665,239
2026-09-04T11:25:02.675,106.319,3880,1661,239
2026-09-04T11:25:02.875,106.519,3878,1662,240
2026-09-04T11:25:03.075,106.719,3878,1661,240
2026-09-04T11:25:03.275,106.919,3878,1664,240
2026-09-04T11:25:03.475,107.119,3878,1662,240
2026-09-04T11:25:03.675,107.319,3878,1661,240
2026-09-04T11:25:03.875,107.518,3878,1664,240
2026-09-04T11:25:04.074,107.718,3878,1662,240
2026-09-04T11:25:04.274,107.918,3877,1662,240
2026-09-04T11:25:04.474,108.118,3878,1662,239
2026-09-04T11:25:04.674,108.318,3878,1662,240
2026-09-04T11:25:04.874,108.517,3878,1663,240
2026-09-04T11:25:05.073,108.717,3877,1663,240
2026-09-04T11:25:05.273,108.917,3877,1663,240
2026-09-04T11:25:05.473,109.117,3877,1662,240
2026-09-04T11:25:05.673,109.317,3878,1663,240
2026-09-04T11:25:05.873,109.516,3878,1664,240
2026-09-04T11:25:06.073,109.716,3877,1662,240
2026-09-04T11:25:06.273,109.916,3877,1665,240
2026-09-04T11:25:06.473,110.116,3877,1664,240
2026-09-04T11:25:06.672,110.316,3877,1663,240
2026-09-04T11:25:06.872,110.516,3877,1663,240
2026-09-04T11:25:07.072,110.716,3877,1664,240
2026-09-04T11:25:07.272,110.916,3877,1661,240
2026-09-04T11:25:07.472,111.115,3878,1664,240
2026-09-04T11:25:07.671,111.315,3877,1662,240
2026-09-04T11:25:07.871,111.515,3877,1663,240
2026-09-04T11:25:08.071,111.715,3877,1661,241
2026-09-04T11:25:08.272,111.916,3877,1661,241
2026-09-04T11:25:08.471,112.115,3877,1662,240
2026-09-04T11:25:08.671,112.315,3877,1662,240
2026-09-04T11:25:08.871,112.514,3877,1664,240
2026-09-04T11:25:09.070,112.714,3877,1662,241
2026-09-04T11:25:09.271,112.914,3877,1663,241
2026-09-04T11:25:09.470,113.114,3877,1663,240
2026-09-04T11:25:09.670,113.314,3877,1662,240
2026-09-04T11:25:09.870,113.514,3876,1664,241
2026-09-04T11:25:10.070,113.714,3877,1663,241
2026-09-04T11:25:10.270,113.914,3876,1664,240
2026-09-04T11:25:10.469,114.113,3877,1662,241
2026-09-04T11:25:10.669,114.313,3876,1663,241
2026-09-04T11:25:10.869,114.512,3876,1662,241
2026-09-04T11:25:11.069,114.713,3876,1664,241
2026-09-04T11:25:11.269,114.912,3877,1663,241
2026-09-04T11:25:11.468,115.112,3877,1662,240
2026-09-04T11:25:11.669,115.312,3876,1660,240
2026-09-04T11:25:11.868,115.512,3876,1665,241
2026-09-04T11:25:12.068,115.712,3877,1662,240
2026-09-04T11:25:12.268,115.911,3876,1663,240
2026-09-04T11:25:12.468,116.111,3876,1661,241
2026-09-04T11:25:12.668,116.311,3876,1664,241
2026-09-04T11:25:12.867,116.511,3876,1661,240
2026-09-04T11:25:13.067,116.711,3877,1661,240
2026-09-04T11:25:13.267,116.911,3876,1664,240
2026-09-04T11:25:13.466,117.110,3875,1662,240
2026-09-04T11:25:13.666,117.310,3875,1663,241
2026-09-04T11:25:13.866,117.510,3876,1662,241
2026-09-04T11:25:14.066,117.710,3876,1662,241
2026-09-04T11:25:14.266,117.910,3876,1663,240
2026-09-04T11:25:14.466,118.109,3876,1662,240
2026-09-04T11:25:14.665,118.309,3875,1663,241
2026-09-04T11:25:14.866,118.509,3875,1663,240
2026-09-04T11:25:15.065,118.709,3876,1664,240
2026-09-04T11:25:15.265,118.909,3875,1662,240
2026-09-04T11:25:15.465,119.108,3876,1663,240
2026-09-04T11:25:15.665,119.309,3876,1663,240
2026-09-04T11:25:15.865,119.508,3876,1664,240
2026-09-04T11:25:16.064,119.708,3875,1660,241
2026-09-04T11:25:16.264,119.908,3875,1664,240
2026-09-04T11:25:16.464,120.108,3995,12,240
2026-09-04T11:25:16.664,120.308,3995,13,240
2026-09-04T11:25:16.864,120.508,3996,12,240
2026-09-04T11:25:17.064,120.707,3996,13,240
2026-09-04T11:25:17.264,120.908,3997,13,241
2026-09-04T11:25:17.463,121.107,4000,12,240
2026-09-04T11:25:17.663,121.307,4000,13,240
2026-09-04T11:25:17.863,121.507,4000,12,240
2026-09-04T11:25:18.063,121.706,4001,13,240
2026-09-04T11:25:18.263,121.906,4001,15,240
2026-09-04T11:25:18.462,122.106,4001,12,240
2026-09-04T11:25:18.662,122.306,4002,14,240
2026-09-04T11:25:18.862,122.506,4002,15,240
2026-09-04T11:25:19.062,122.706,4003,14,240
2026-09-04T11:25:19.262,122.905,4003,15,240
2026-09-04T11:25:19.462,123.105,4003,13,241
2026-09-04T11:25:19.661,123.305,4005,14,240
2026-09-04T11:25:19.861,123.505,4003,13,240
2026-09-04T11:25:20.061,123.705,4006,14,241
2026-09-04T11:25:20.261,123.905,4006,12,240
2026-09-04T11:25:20.461,124.105,4007,13,240
2026-09-04T11:25:20.660,124.304,4007,12,241
2026-09-04T11:25:20.860,124.504,4007,13,240
2026-09-04T11:25:21.060,124.704,4007,14,240
2026-09-04T11:25:21.260,124.904,4008,12,240
2026-09-04T11:25:21.460,125.103,4010,13,240
2026-09-04T11:25:21.660,125.303,4008,14,240
2026-09-04T11:25:21.859,125.503,4008,14,240
2026-09-04T11:25:22.059,125.703,4010,14,240
2026-09-04T11:25:22.260,125.903,4010,14,240
2026-09-04T11:25:22.459,126.103,4011,14,240
2026-09-04T11:25:22.659,126.302,4011,13,240
2026-09-04T11:25:22.859,126.502,4011,15,241
2026-09-04T11:25:23.059,126.702,4012,12,240
2026-09-04T11:25:23.258,126.902,4012,14,241
2026-09-04T11:25:23.458,127.102,4012,12,240
2026-09-04T11:25:23.658,127.301,4012,11,241
2026-09-04T11:25:23.858,127.501,4013,13,241
2026-09-04T11:25:24.057,127.701,4012,12,240
2026-09-04T11:25:24.257,127.901,4013,13,240
2026-09-04T11:25:24.457,128.101,4015,13,240
2026-09-04T11:25:24.657,128.301,4013,13,240
2026-09-04T11:25:24.857,128.501,4015,12,240
2026-09-04T11:25:25.057,128.700,4015,15,241
2026-09-04T11:25:25.256,128.900,4015,13,240
2026-09-04T11:25:25.456,129.100,4016,15,240
2026-09-04T11:25:25.656,129.300,4016,13,240
2026-09-04T11:25:25.856,129.500,4016,14,240
2026-09-04T11:25:26.056,129.699,4016,13,241
2026-09-04T11:25:26.256,129.900,4016,14,240
2026-09-04T11:25:26.456,130.099,4017,12,240
2026-09-04T11:25:26.655,130.299,4017,14,240
2026-09-04T11:25:26.855,130.499,4017,12,240
2026-09-04T11:25:27.055,130.699,4017,11,241
2026-09-04T11:25:27.255,130.899,4017,14,240
2026-09-04T11:25:27.455,131.098,4018,12,240
2026-09-04T11:25:27.655,131.298,4018,13,240
2026-09-04T11:25:27.854,131.498,4018,14,240
2026-09-04T11:25:28.054,131.698,4018,13,240
2026-09-04T11:25:28.254,131.898,4020,14,240
2026-09-04T11:25:28.454,132.097,4021,15,240
2026-09-04T11:25:28.654,132.298,4020,14,240
2026-09-04T11:25:28.853,132.497,4020,14,240
2026-09-04T11:25:29.053,132.697,4021,14,240
2026-09-04T11:25:29.253,132.897,4022,13,241
2026-09-04T11:25:29.453,133.097,4021,14,240
2026-09-04T11:25:29.653,133.297,4021,13,240
2026-09-04T11:25:29.853,133.497,4021,12,240
2026-09-04T11:25:30.053,133.696,4021,13,240
2026-09-04T11:25:30.253,133.896,4022,12,241
2026-09-04T11:25:30.452,134.096,4022,13,240
2026-09-04T11:25:30.652,134.296,4022,14,240
2026-09-04T11:25:30.852,134.496,4022,12,240
2026-09-04T11:25:31.052,134.696,4022,13,240
2026-09-04T11:25:31.251,134.895,4023,15,240
2026-09-04T11:25:31.452,135.095,4023,13,240
2026-09-04T11:25:31.652,135.296,4023,15,241
2026-09-04T11:25:31.851,135.495,4023,13,240
2026-09-04T11:25:32.051,135.695,4023,15,240
2026-09-04T11:25:32.251,135.895,4023,14,240
2026-09-04T11:25:32.451,136.094,4025,15,241
2026-09-04T11:25:32.650,136.294,4025,14,240
2026-09-04T11:25:32.850,136.494,4023,13,240
2026-09-04T11:25:33.050,136.694,4025,12,240
2026-09-04T11:25:33.250,136.894,4025,11,240
2026-09-04T11:25:33.450,137.094,4025,14,240
2026-09-04T11:25:33.650,137.294,4025,12,240
2026-09-04T11:25:33.850,137.493,4025,13,240
2026-09-04T11:25:34.050,137.693,4025,12,240
2026-09-04T11:25:34.249,137.893,4025,13,240
2026-09-04T11:25:34.449,138.093,4026,13,240
2026-09-04T11:25:34.649,138.293,4026,15,240
2026-09-04T11:25:34.849,138.492,4026,13,241
2026-09-04T11:25:35.049,138.692,4026,14,240
2026-09-04T11:25:35.248,138.892,4027,13,240
2026-09-04T11:25:35.448,139.092,4027,14,240
2026-09-04T11:25:35.648,139.292,4027,14,240
2026-09-04T11:25:35.848,139.492,4027,14,241
2026-09-04T11:25:36.048,139.692,4028,12,240
2026-09-04T11:25:36.248,139.891,4027,13,240
2026-09-04T11:25:36.447,140.091,4027,13,240
2026-09-04T11:25:36.648,140.291,4028,12,240
2026-09-04T11:25:36.847,140.491,4028,14,241
2026-09-04T11:25:37.047,140.691,4028,12,240
2026-09-04T11:25:37.247,140.891,4028,13,240
2026-09-04T11:25:37.447,141.090,4030,12,240
2026-09-04T11:25:37.646,141.290,4028,14,240
2026-09-04T11:25:37.847,141.490,4028,14,240
2026-09-04T11:25:38.046,141.690,4030,14,240
2026-09-04T11:25:38.246,141.890,4028,14,240
2026-09-04T11:25:38.446,142.089,4030,13,240
2026-09-04T11:25:38.646,142.289,4031,15,240
2026-09-04T11:25:38.846,142.490,4028,13,240
2026-09-04T11:25:39.045,142.689,4030,14,241
2026-09-04T11:25:39.245,142.889,4030,13,240
2026-09-04T11:25:39.445,143.089,4030,12,240
2026-09-04T11:25:39.645,143.289,4030,14,240
2026-09-04T11:25:39.845,143.489,4031,12,240
2026-09-04T11:25:40.044,143.688,4031,13,241
2026-09-04T11:25:40.244,143.888,4031,13,240
2026-09-04T11:25:40.444,144.088,4031,12,240
2026-09-04T11:25:40.644,144.288,4032,13,240
2026-09-04T11:25:40.844,144.488,4031,15,240
2026-09-04T11:25:41.044,144.687,4032,13,240
2026-09-04T11:25:41.244,144.887,4031,15,240
2026-09-04T11:25:41.444,145.087,4031,13,240
2026-09-04T11:25:41.643,145.287,4032,15,240
2026-09-04T11:25:41.843,145.487,4031,13,240
2026-09-04T11:25:42.043,145.687,4032,15,240
2026-09-04T11:25:42.243,145.887,4032,14,241
2026-09-04T11:25:42.443,146.086,4032,14,240
2026-09-04T11:25:42.643,146.286,4031,14,240
2026-09-04T11:25:42.842,146.486,4032,11,240
2026-09-04T11:25:43.043,146.687,4032,14,240
2026-09-04T11:25:43.242,146.886,4032,12,240
2026-09-04T11:25:43.442,147.086,4032,13,240
2026-09-04T11:25:43.642,147.286,4033,13,240
2026-09-04T11:25:43.842,147.485,4033,13,239
2026-09-04T11:25:44.042,147.685,4035,13,240
2026-09-04T11:25:44.241,147.885,4032,15,240
2026-09-04T11:25:44.441,148.085,4035,13,239
2026-09-04T11:25:44.641,148.285,4033,15,240
2026-09-04T11:25:44.841,148.485,4033,12,239
2026-09-04T11:25:45.041,148.684,4035,14,240
2026-09-04T11:25:45.240,148.884,4033,14,240
2026-09-04T11:25:45.440,149.084,4035,15,240
2026-09-04T11:25:45.641,149.284,4035,14,239
2026-09-04T11:25:45.840,149.484,4036,13,239
2026-09-04T11:25:46.040,149.684,4036,12,240
2026-09-04T11:25:46.240,149.884,4033,11,239
2026-09-04T11:25:46.440,150.083,4035,14,240
2026-09-04T11:25:46.640,150.284,4035,12,240
2026-09-04T11:25:46.840,150.483,4036,14,239
2026-09-04T11:25:47.039,150.683,4036,13,239
2026-09-04T11:25:47.239,150.883,4036,13,239
2026-09-04T11:25:47.439,151.083,4035,13,239
2026-09-04T11:25:47.639,151.283,4036,15,239
2026-09-04T11:25:47.839,151.483,4036,13,239
2026-09-04T11:25:48.039,151.683,4035,14,240
2026-09-04T11:25:48.239,151.883,4035,12,239
2026-09-04T11:25:48.439,152.082,4036,14,239
2026-09-04T11:25:48.639,152.282,4036,15,239
2026-09-04T11:25:48.838,152.482,4037,14,239
2026-09-04T11:25:49.039,152.682,4036,15,239
2026-09-04T11:25:49.238,152.882,4036,13,239
2026-09-04T11:25:49.438,153.082,4036,13,239
2026-09-04T11:25:49.638,153.282,4037,11,239
2026-09-04T11:25:49.838,153.482,4037,14,239
2026-09-04T11:25:50.038,153.682,4036,12,240
2026-09-04T11:25:50.238,153.881,4037,13,239
2026-09-04T11:25:50.437,154.081,4037,12,239
2026-09-04T11:25:50.637,154.281,4037,13,238
2026-09-04T11:25:50.837,154.481,4037,13,239
2026-09-04T11:25:51.037,154.681,4037,14,239
2026-09-04T11:25:51.237,154.881,4037,13,239
2026-09-04T11:25:51.437,155.080,4037,14,239
2026-09-04T11:25:51.637,155.280,4038,13,239
2026-09-04T11:25:51.837,155.480,4037,13,239
2026-09-04T11:25:52.037,155.680,4037,15,239
2026-09-04T11:25:52.236,155.880,4037,13,239
2026-09-04T11:25:52.436,156.080,4038,12,238
2026-09-04T11:25:52.636,156.279,4038,13,238
2026-09-04T11:25:52.836,156.479,4038,12,239
2026-09-04T11:25:53.036,156.679,4038,13,238
2026-09-04T11:25:53.236,156.879,4040,14,239
2026-09-04T11:25:53.435,157.079,4038,13,239
2026-09-04T11:25:53.635,157.279,4038,13,239
2026-09-04T11:25:53.835,157.479,4038,12,238
2026-09-04T11:25:54.035,157.678,4040,13,239
2026-09-04T11:25:54.235,157.878,4038,14,239
2026-09-04T11:25:54.434,158.078,4038,13,238
2026-09-04T11:25:54.634,158.278,4038,14,239
2026-09-04T11:25:54.834,158.478,4038,13,238
2026-09-04T11:25:55.034,158.678,4038,16,239
2026-09-04T11:25:55.234,158.878,4038,13,238
2026-09-04T11:25:55.434,159.077,4040,14,239
2026-09-04T11:25:55.634,159.277,4038,13,238
2026-09-04T11:25:55.833,159.477,4040,12,238
2026-09-04T11:25:56.033,159.677,4040,13,239
2026-09-04T11:25:56.233,159.877,4040,12,238
2026-09-04T11:25:56.433,160.076,4040,12,239
2026-09-04T11:25:56.633,160.277,4040,14,238
2026-09-04T11:25:56.832,160.476,4041,12,238
2026-09-04T11:25:57.033,160.677,4040,13,238
2026-09-04T11:25:57.233,160.877,4040,12,238
2026-09-04T11:25:57.432,161.076,4041,13,239
2026-09-04T11:25:57.632,161.276,4040,15,238
2026-09-04T11:25:57.832,161.476,4041,14,239
2026-09-04T11:25:58.032,161.676,4041,14,238
2026-09-04T11:25:58.231,161.875,4041,14,239
2026-09-04T11:25:58.431,162.075,4040,15,238
2026-09-04T11:25:58.631,162.275,4041,13,238
2026-09-04T11:25:58.831,162.475,4041,15,238
2026-09-04T11:25:59.031,162.675,4040,13,238
2026-09-04T11:25:59.231,162.875,4041,12,238
2026-09-04T11:25:59.431,163.074,4040,13,238
2026-09-04T11:25:59.631,163.274,4041,12,239
2026-09-04T11:25:59.830,163.474,4041,12,239
2026-09-04T11:26:00.030,163.674,4041,14,238
2026-09-04T11:26:00.230,163.874,4041,12,238
2026-09-04T11:26:00.430,164.074,4042,13,238
2026-09-04T11:26:00.630,164.274,4042,15,238
2026-09-04T11:26:00.830,164.473,4042,13,238
2026-09-04T11:26:01.030,164.673,4041,15,238
2026-09-04T11:26:01.230,164.873,4042,13,238
2026-09-04T11:26:01.429,165.073,4041,14,238
2026-09-04T11:26:01.629,165.273,4042,13,238
2026-09-04T11:26:01.829,165.473,4042,15,238
2026-09-04T11:26:02.029,165.673,4042,13,239
2026-09-04T11:26:02.229,165.872,4043,15,238
2026-09-04T11:26:02.429,166.072,4042,13,238
2026-09-04T11:26:02.629,166.273,4042,12,238
2026-09-04T11:26:02.829,166.472,4042,14,238
2026-09-04T11:26:03.028,166.672,4042,12,239
2026-09-04T11:26:03.228,166.872,4042,13,238
2026-09-04T11:26:03.428,167.071,4042,13,238
2026-09-04T11:26:03.628,167.271,4043,13,238
2026-09-04T11:26:03.827,167.471,4042,13,238
2026-09-04T11:26:04.027,167.671,4042,15,238
2026-09-04T11:26:04.227,167.871,4043,13,238
2026-09-04T11:26:04.427,168.070,4043,15,238
2026-09-04T11:26:04.627,168.270,4043,13,238
2026-09-04T11:26:04.827,168.470,4043,15,238
2026-09-04T11:26:05.026,168.670,4042,14,238
2026-09-04T11:26:05.226,168.870,4045,15,238
2026-09-04T11:26:05.426,169.070,4045,12,237
2026-09-04T11:26:05.626,169.269,4043,15,238
2026-09-04T11:26:05.826,169.469,4045,13,238
2026-09-04T11:26:06.025,169.669,4043,13,238
2026-09-04T11:26:06.226,169.869,4043,13,238
2026-09-04T11:26:06.425,170.069,4045,13,237
2026-09-04T11:26:06.625,170.269,4043,13,237
2026-09-04T11:26:06.825,170.469,4043,14,238
2026-09-04T11:26:07.025,170.668,4043,13,237
2026-09-04T11:26:07.225,170.868,4045,13,238
2026-09-04T11:26:07.424,171.068,4043,14,237
2026-09-04T11:26:07.624,171.268,4043,16,237
2026-09-04T11:26:07.824,171.468,4045,14,238
2026-09-04T11:26:08.024,171.667,4045,14,237
2026-09-04T11:26:08.224,171.867,4045,13,238
2026-09-04T11:26:08.423,172.067,4045,12,237
2026-09-04T11:26:08.623,172.267,4045,13,237
2026-09-04T11:26:08.823,172.467,4045,12,237
2026-09-04T11:26:09.023,172.666,4043,12,238
2026-09-04T11:26:09.223,172.866,4043,14,237
2026-09-04T11:26:09.422,173.066,4045,12,237
2026-09-04T11:26:09.622,173.266,4043,13,236
2026-09-04T11:26:09.822,173.466,4045,12,237
2026-09-04T11:26:10.022,173.666,4045,13,237
2026-09-04T11:26:10.222,173.866,4045,13,237
2026-09-04T11:26:10.422,174.065,4046,15,237
2026-09-04T11:26:10.622,174.265,4043,13,236
2026-09-04T11:26:10.821,174.465,4046,15,237
2026-09-04T11:26:11.021,174.665,4045,13,237
2026-09-04T11:26:11.221,174.865,4045,14,237
2026-09-04T11:26:11.421,175.064,4045,11,236
2026-09-04T11:26:11.621,175.265,4045,14,237
2026-09-04T11:26:11.820,175.464,4046,12,236
2026-09-04T11:26:12.020,175.664,4046,13,237
2026-09-04T11:26:12.221,175.864,4046,14,237
2026-09-04T11:26:12.420,176.064,4046,12,236
2026-09-04T11:26:12.621,176.264,4046,13,237
2026-09-04T11:26:12.820,176.464,4046,14,237
2026-09-04T11:26:13.020,176.663,4046,13,236
2026-09-04T11:26:13.220,176.863,4046,13,237
2026-09-04T11:26:13.419,177.063,4046,15,236
2026-09-04T11:26:13.619,177.263,4046,14,237
2026-09-04T11:26:13.819,177.463,4046,15,237
2026-09-04T11:26:14.019,177.663,4046,13,237
2026-09-04T11:26:14.219,177.862,4046,14,236
2026-09-04T11:26:14.419,178.062,4047,11,237
2026-09-04T11:26:14.619,178.262,4046,14,236
2026-09-04T11:26:14.818,178.462,4047,12,237
2026-09-04T11:26:15.018,178.662,4046,13,237
2026-09-04T11:26:15.218,178.862,4046,14,236
2026-09-04T11:26:15.418,179.061,4046,12,236
2026-09-04T11:26:15.618,179.261,4046,13,237
2026-09-04T11:26:15.818,179.461,4047,14,237
2026-09-04T11:26:16.018,179.661,4046,13,236
2026-09-04T11:26:16.217,179.861,4046,14,237
2026-09-04T11:26:16.417,180.061,4047,15,236
2026-09-04T11:26:16.617,180.261,4046,13,237
2026-09-04T11:26:16.817,180.460,4047,15,236
2026-09-04T11:26:17.017,180.661,4047,13,237
2026-09-04T11:26:17.217,180.860,4047,14,236
2026-09-04T11:26:17.416,181.060,4047,12,237
2026-09-04T11:26:17.617,181.261,4047,15,236
2026-09-04T11:26:17.816,181.460,4047,12,237
2026-09-04T11:26:18.016,181.660,4047,14,236
2026-09-04T11:26:18.216,181.860,4047,13,236
2026-09-04T11:26:18.415,182.059,4048,13,236
2026-09-04T11:26:18.615,182.259,4047,13,236
2026-09-04T11:26:18.815,182.459,4047,16,236
2026-09-04T11:26:19.015,182.659,4047,13,236
2026-09-04T11:26:19.215,182.858,4047,15,236
2026-09-04T11:26:19.414,183.058,4047,14,236
2026-09-04T11:26:19.615,183.258,4047,14,237
2026-09-04T11:26:19.814,183.458,4047,14,236
2026-09-04T11:26:20.014,183.658,4047,14,237
2026-09-04T11:26:20.214,183.858,4048,14,236
2026-09-04T11:26:20.414,184.058,4047,13,236
2026-09-04T11:26:20.614,184.258,4047,14,236
2026-09-04T11:26:20.814,184.457,4047,12,236
2026-09-04T11:26:21.014,184.657,4047,13,237
2026-09-04T11:26:21.213,184.857,4048,12,236
2026-09-04T11:26:21.413,185.057,4047,13,236
2026-09-04T11:26:21.613,185.257,4047,14,236
2026-09-04T11:26:21.813,185.457,4047,14,236
2026-09-04T11:26:22.013,185.657,4048,13,236
2026-09-04T11:26:22.213,185.856,4048,14,236
2026-09-04T11:26:22.413,186.056,4047,12,236
2026-09-04T11:26:22.612,186.256,4048,14,236
2026-09-04T11:26:22.812,186.456,4047,14,236
2026-09-04T11:26:23.012,186.656,4047,15,236
2026-09-04T11:26:23.212,186.856,4047,14,236
2026-09-04T11:26:23.412,187.056,4048,15,236
2026-09-04T11:26:23.612,187.255,4048,12,236
2026-09-04T11:26:23.812,187.456,4048,12,236
2026-09-04T11:26:24.012,187.655,4047,13,236
2026-09-04T11:26:24.213,187.856,4048,13,236
2026-09-04T11:26:24.411,188.055,4048,13,235
2026-09-04T11:26:24.611,188.255,4050,15,235
2026-09-04T11:26:24.811,188.455,4048,13,236
2026-09-04T11:26:25.011,188.655,4050,13,235
2026-09-04T11:26:25.211,188.855,4048,14,236
2026-09-04T11:26:25.411,189.054,4048,13,235
2026-09-04T11:26:25.611,189.254,4048,13,235
2026-09-04T11:26:25.810,189.454,4050,16,235
2026-09-04T11:26:26.010,189.654,4050,14,235
2026-09-04T11:26:26.210,189.854,4050,15,236
2026-09-04T11:26:26.410,190.054,4048,13,235
2026-09-04T11:26:26.610,190.253,4048,13,235
2026-09-04T11:26:26.810,190.453,4050,11,235
2026-09-04T11:26:27.010,190.653,4048,14,235
2026-09-04T11:26:27.209,190.853,4050,12,236
2026-09-04T11:26:27.409,191.053,4050,13,235
2026-09-04T11:26:27.610,191.253,4048,13,235
2026-09-04T11:26:27.809,191.453,4048,13,235
2026-09-04T11:26:28.009,191.653,4050,13,235
2026-09-04T11:26:28.209,191.853,4048,15,235
2026-09-04T11:26:28.409,192.052,4050,13,235
2026-09-04T11:26:28.609,192.252,4048,15,235
2026-09-04T11:26:28.808,192.452,4048,14,235
2026-09-04T11:26:29.008,192.652,4050,14,235
2026-09-04T11:26:29.208,192.852,4050,14,235
2026-09-04T11:26:29.408,193.052,4048,14,234
2026-09-04T11:26:29.608,193.252,4050,12,234
2026-09-04T11:26:29.808,193.452,4048,13,235
2026-09-04T11:26:30.008,193.652,4050,14,234
2026-09-04T11:26:30.208,193.851,4050,12,235
2026-09-04T11:26:30.407,194.051,4050,13,235
2026-09-04T11:26:30.607,194.251,4050,13,234
2026-09-04T11:26:30.807,194.451,4050,13,235
2026-09-04T11:26:31.007,194.651,4050,13,235
2026-09-04T11:26:31.207,194.851,4051,15,235
2026-09-04T11:26:31.407,195.050,4048,13,235
2026-09-04T11:26:31.606,195.250,4050,15,234
2026-09-04T11:26:31.806,195.450,4050,13,235
2026-09-04T11:26:32.006,195.650,4051,14,235
2026-09-04T11:26:32.206,195.850,4050,14,235
2026-09-04T11:26:32.406,196.049,4050,14,234
2026-09-04T11:26:32.606,196.249,4051,12,235
2026-09-04T11:26:32.805,196.449,4051,13,234
2026-09-04T11:26:33.005,196.649,4050,14,235
2026-09-04T11:26:33.206,196.850,4050,12,235
2026-09-04T11:26:33.405,197.049,4051,13,234
2026-09-04T11:26:33.605,197.248,4050,13,234
2026-09-04T11:26:33.805,197.448,4051,13,235
2026-09-04T11:26:34.005,197.648,4050,13,234
2026-09-04T11:26:34.204,197.848,4051,15,234
2026-09-04T11:26:34.404,198.048,4051,13,234
2026-09-04T11:26:34.605,198.249,4051,15,234
2026-09-04T11:26:34.804,198.448,4051,14,235
2026-09-04T11:26:35.004,198.648,4050,14,234
2026-09-04T11:26:35.204,198.848,4051,11,235
2026-09-04T11:26:35.403,199.047,4051,13,234
2026-09-04T11:26:35.604,199.247,4051,12,235
2026-09-04T11:26:35.803,199.447,4051,12,234
2026-09-04T11:26:36.003,199.647,4051,14,235
2026-09-04T11:26:36.203,199.847,4051,12,234
2026-09-04T11:26:36.403,200.047,4051,13,234
2026-09-04T11:26:36.603,200.246,4051,13,234
2026-09-04T11:26:36.803,200.447,4052,13,235
2026-09-04T11:26:37.003,200.647,4051,13,234
2026-09-04T11:26:37.203,200.846,4051,15,235
2026-09-04T11:26:37.402,201.046,4051,13,234
2026-09-04T11:26:37.602,201.246,4051,14,235
2026-09-04T11:26:37.802,201.446,4051,14,234
2026-09-04T11:26:38.002,201.646,4052,13,235
2026-09-04T11:26:38.202,201.845,4052,12,234
2026-09-04T11:26:38.402,202.045,4051,13,234
2026-09-04T11:26:38.601,202.245,4051,13,234
2026-09-04T11:26:38.802,202.445,4051,11,234
2026-09-04T11:26:39.001,202.645,4052,14,235
2026-09-04T11:26:39.201,202.845,4051,12,234
2026-09-04T11:26:39.401,203.045,4051,13,234
2026-09-04T11:26:39.601,203.245,4051,14,234
2026-09-04T11:26:39.801,203.444,4051,12,235
2026-09-04T11:26:40.000,203.644,4051,13,234
2026-09-04T11:26:40.201,203.845,4052,14,235
2026-09-04T11:26:40.400,204.044,4052,13,234
2026-09-04T11:26:40.600,204.244,4052,13,234
2026-09-04T11:26:40.800,204.444,4052,15,234
2026-09-04T11:26:41.000,204.643,4051,13,235
2026-09-04T11:26:41.200,204.843,4052,12,234
2026-09-04T11:26:41.399,205.043,4051,13,234
2026-09-04T11:26:41.599,205.243,4052,12,234
2026-09-04T11:26:41.800,205.444,4052,11,234
2026-09-04T11:26:41.999,205.643,4052,14,235
2026-09-04T11:26:42.199,205.842,4052,12,234
2026-09-04T11:26:42.399,206.042,4051,13,233
2026-09-04T11:26:42.599,206.243,4052,14,234
2026-09-04T11:26:42.798,206.442,4052,12,234
2026-09-04T11:26:42.998,206.642,4052,13,234
2026-09-04T11:26:43.198,206.842,4052,14,234
2026-09-04T11:26:43.398,207.041,4052,16,234
2026-09-04T11:26:43.598,207.241,4051,13,234
2026-09-04T11:26:43.798,207.441,4052,15,234
2026-09-04T11:26:43.997,207.641,4052,13,234
2026-09-04T11:26:44.197,207.841,4052,12,233
2026-09-04T11:26:44.397,208.041,4053,13,234
2026-09-04T11:26:44.597,208.241,4053,13,234
2026-09-04T11:26:44.797,208.440,4053,11,234
2026-09-04T11:26:44.997,208.641,4052,14,234
2026-09-04T11:26:45.196,208.840,4052,12,234
2026-09-04T11:26:45.396,209.040,4052,13,234
2026-09-04T11:26:45.596,209.240,4052,14,234
2026-09-04T11:26:45.796,209.440,4053,12,234
2026-09-04T11:26:45.996,209.640,4052,13,234
2026-09-04T11:26:46.196,209.840,4052,14,234
2026-09-04T11:26:46.396,210.039,4053,15,234
2026-09-04T11:26:46.596,210.240,4052,14,234
2026-09-04T11:26:46.795,210.439,4052,15,235
2026-09-04T11:26:46.996,210.639,4052,13,234
2026-09-04T11:26:47.195,210.839,4052,12,234
2026-09-04T11:26:47.395,211.039,4053,13,235
2026-09-04T11:26:47.595,211.239,4052,13,235
2026-09-04T11:26:47.795,211.438,4053,12,235
2026-09-04T11:26:47.995,211.638,4052,15,235
2026-09-04T11:26:48.194,211.838,4052,12,235
2026-09-04T11:26:48.394,212.038,4053,14,235
2026-09-04T11:26:48.594,212.238,4052,12,235
2026-09-04T11:26:48.794,212.438,4053,13,235
2026-09-04T11:26:48.994,212.637,4052,13,235
2026-09-04T11:26:49.194,212.837,4053,15,235
2026-09-04T11:26:49.393,213.037,4052,14,235
2026-09-04T11:26:49.593,213.237,4053,15,235
2026-09-04T11:26:49.793,213.437,4053,13,235
2026-09-04T11:26:49.993,213.637,4052,14,236
2026-09-04T11:26:50.193,213.837,4052,11,235
2026-09-04T11:26:50.393,214.037,4052,15,235
2026-09-04T11:26:50.593,214.237,4053,12,235
2026-09-04T11:26:50.794,214.438,4053,15,235
2026-09-04T11:26:50.993,214.636,4053,13,236
2026-09-04T11:26:51.192,214.836,4052,13,235
2026-09-04T11:26:51.392,215.036,4053,13,235
2026-09-04T11:26:51.592,215.236,4053,13,235
2026-09-04T11:26:51.792,215.436,4053,13,235
2026-09-04T11:26:51.992,215.636,4053,15,235
2026-09-04T11:26:52.192,215.836,4053,13,235
2026-09-04T11:26:52.392,216.035,4055,15,235
2026-09-04T11:26:52.591,216.235,4055,14,235
2026-09-04T11:26:52.792,216.435,4053,16,236
2026-09-04T11:26:52.992,216.635,4053,13,235
2026-09-04T11:26:53.191,216.835,4053,15,236
2026-09-04T11:26:53.391,217.035,4052,13,235
2026-09-04T11:26:53.591,217.235,4053,12,235
2026-09-04T11:26:53.791,217.435,4053,13,235
2026-09-04T11:26:53.990,217.634,4055,13,235
2026-09-04T11:26:54.190,217.834,4053,11,236
2026-09-04T11:26:54.391,218.034,4053,14,235
2026-09-04T11:26:54.590,218.234,4055,12,235
2026-09-04T11:26:54.790,218.434,4053,14,235
2026-09-04T11:26:54.990,218.634,4052,14,236
2026-09-04T11:26:55.190,218.833,4053,13,235
2026-09-04T11:26:55.389,219.033,4055,14,236
2026-09-04T11:26:55.589,219.233,4053,15,235
2026-09-04T11:26:55.789,219.433,4055,14,236
2026-09-04T11:26:55.989,219.633,4053,15,235
2026-09-04T11:26:56.189,219.832,4053,13,236
2026-09-04T11:26:56.389,220.033,4053,14,235
2026-09-04T11:26:56.589,220.232,4055,11,236
2026-09-04T11:26:56.788,220.432,4055,15,236
2026-09-04T11:26:56.988,220.632,4053,12,235
2026-09-04T11:26:57.188,220.832,4053,14,236
2026-09-04T11:26:57.388,221.032,4053,13,236
2026-09-04T11:26:57.588,221.232,4055,13,235
2026-09-04T11:26:57.789,221.433,4055,13,235
2026-09-04T11:26:57.988,221.631,4055,15,236
2026-09-04T11:26:58.187,221.831,4055,13,236
2026-09-04T11:26:58.387,222.031,4053,15,236
2026-09-04T11:26:58.587,222.231,4053,13,236
2026-09-04T11:26:58.787,222.431,4053,14,236
2026-09-04T11:26:58.987,222.631,4053,14,236
2026-09-04T11:26:59.187,222.831,4053,15,236
2026-09-04T11:26:59.387,223.030,4053,14,237
2026-09-04T11:26:59.586,223.230,4055,14,236
2026-09-04T11:26:59.786,223.430,4053,14,237
2026-09-04T11:26:59.986,223.630,4055,12,236
2026-09-04T11:27:00.186,223.830,4055,13,237
2026-09-04T11:27:00.386,224.030,4055,13,236
2026-09-04T11:27:00.586,224.229,4055,13,236
2026-09-04T11:27:00.785,224.429,4055,14,236
2026-09-04T11:27:00.985,224.629,4055,14,237
2026-09-04T11:27:01.185,224.829,4055,13,237
2026-09-04T11:27:01.385,225.029,4055,14,236
2026-09-04T11:27:01.585,225.229,4055,13,237
2026-09-04T11:27:01.785,225.429,4055,14,236
2026-09-04T11:27:01.985,225.629,4055,15,237
2026-09-04T11:27:02.185,225.829,4053,14,236
2026-09-04T11:27:02.384,226.028,4055,15,237
2026-09-04T11:27:02.584,226.228,4053,13,236
2026-09-04T11:27:02.784,226.428,4056,14,236
2026-09-04T11:27:02.984,226.628,4055,11,236
2026-09-04T11:27:03.184,226.828,4055,15,236
2026-09-04T11:27:03.384,227.027,4053,12,237
2026-09-04T11:27:03.584,227.228,4055,13,236
2026-09-04T11:27:03.783,227.427,4056,14,236
2026-09-04T11:27:03.983,227.627,4056,12,236
2026-09-04T11:27:04.183,227.827,4056,13,237
2026-09-04T11:27:04.383,228.027,4055,14,236
2026-09-04T11:27:04.583,228.227,4055,14,237
2026-09-04T11:27:04.783,228.426,4055,14,236
2026-09-04T11:27:04.983,228.626,4056,15,236
2026-09-04T11:27:05.183,228.826,4055,14,237
2026-09-04T11:27:05.382,229.026,4055,14,237
2026-09-04T11:27:05.582,229.226,4055,14,237
2026-09-04T11:27:05.782,229.426,4056,14,236
2026-09-04T11:27:05.982,229.626,4055,13,237
2026-09-04T11:27:06.182,229.826,4055,14,236
2026-09-04T11:27:06.382,230.025,4056,12,237
2026-09-04T11:27:06.582,230.226,4056,13,237
2026-09-04T11:27:06.781,230.425,4056,12,237
2026-09-04T11:27:06.982,230.625,4055,13,236
2026-09-04T11:27:07.181,230.825,4056,13,237
2026-09-04T11:27:07.381,231.025,4056,15,237
2026-09-04T11:27:07.581,231.224,4055,13,237
2026-09-04T11:27:07.781,231.424,4056,15,237
2026-09-04T11:27:07.980,231.624,4055,13,236
2026-09-04T11:27:08.180,231.824,4056,15,237
2026-09-04T11:27:08.380,232.024,4055,14,237
2026-09-04T11:27:08.580,232.224,4056,15,237
2026-09-04T11:27:08.780,232.424,4056,13,236
2026-09-04T11:27:08.980,232.624,4056,15,237
2026-09-04T11:27:09.180,232.823,4056,12,237
2026-09-04T11:27:09.380,233.023,4056,12,237
2026-09-04T11:27:09.579,233.223,4056,13,238
2026-09-04T11:27:09.779,233.423,4056,13,237
2026-09-04T11:27:09.979,233.623,4055,13,237
2026-09-04T11:27:10.179,233.823,4056,14,237
2026-09-04T11:27:10.379,234.022,4056,13,237
2026-09-04T11:27:10.578,234.222,4056,13,237
2026-09-04T11:27:10.778,234.422,4056,13,237
2026-09-04T11:27:10.978,234.622,4056,13,237
2026-09-04T11:27:11.178,234.822,4055,14,237
2026-09-04T11:27:11.378,235.022,4056,15,237
2026-09-04T11:27:11.578,235.222,4055,14,238
2026-09-04T11:27:11.778,235.421,4056,12,237
2026-09-04T11:27:11.977,235.621,4056,13,237
2026-09-04T11:27:12.177,235.821,4056,12,237
2026-09-04T11:27:12.377,236.021,4056,11,237
2026-09-04T11:27:12.577,236.221,4056,15,238
2026-09-04T11:27:12.777,236.421,4056,12,237
2026-09-04T11:27:12.977,236.620,4056,14,237
2026-09-04T11:27:13.177,236.820,4056,13,237
2026-09-04T11:27:13.377,237.021,4057,13,237
2026-09-04T11:27:13.576,237.220,4056,13,237
2026-09-04T11:27:13.776,237.420,4056,15,238
2026-09-04T11:27:13.976,237.620,4056,13,237
2026-09-04T11:27:14.176,237.820,4057,15,237
2026-09-04T11:27:14.376,238.020,4056,14,237
2026-09-04T11:27:14.575,238.219,4056,14,238
2026-09-04T11:27:14.775,238.419,4056,11,237
2026-09-04T11:27:14.975,238.619,4056,14,238
2026-09-04T11:27:15.175,238.819,4057,12,237
2026-09-04T11:27:15.375,239.019,4056,13,238
2026-09-04T11:27:15.575,239.219,4056,14,238
2026-09-04T11:27:15.775,239.418,4056,12,237
2026-09-04T11:27:15.974,239.618,4057,13,237
2026-09-04T11:27:16.174,239.818,4056,12,238
2026-09-04T11:27:16.374,240.017,4056,13,238
2026-09-04T11:27:16.574,240.218,4056,13,237
2026-09-04T11:27:16.774,240.417,4056,15,238
2026-09-04T11:27:16.973,240.617,4057,14,237
2026-09-04T11:27:17.173,240.817,4056,15,238
2026-09-04T11:27:17.373,241.017,4056,13,238
2026-09-04T11:27:17.573,241.217,4057,14,237
2026-09-04T11:27:17.772,241.416,4057,11,237
2026-09-04T11:27:17.973,241.616,4057,14,238
2026-09-04T11:27:18.172,241.816,4056,12,237
2026-09-04T11:27:18.372,242.016,4057,13,238
2026-09-04T11:27:18.572,242.216,4057,14,238
2026-09-04T11:27:18.772,242.416,4057,12,237
2026-09-04T11:27:18.972,242.615,4057,13,237
2026-09-04T11:27:19.171,242.815,4056,14,238
2026-09-04T11:27:19.371,243.015,4056,13,238
2026-09-04T11:27:19.571,243.215,4057,13,238
2026-09-04T11:27:19.771,243.415,4057,15,237
2026-09-04T11:27:19.971,243.615,4056,14,238
2026-09-04T11:27:20.171,243.815,4057,15,238
2026-09-04T11:27:20.371,244.014,4057,14,238
2026-09-04T11:27:20.570,244.214,4056,14,237
2026-09-04T11:27:20.771,244.414,4057,12,238
2026-09-04T11:27:20.970,244.614,4057,14,237
2026-09-04T11:27:21.170,244.814,4057,12,238
2026-09-04T11:27:21.370,245.014,4057,13,238
2026-09-04T11:27:21.570,245.214,4056,14,237
2026-09-04T11:27:21.770,245.413,4057,12,237
2026-09-04T11:27:21.969,245.613,4057,13,237
2026-09-04T11:27:22.170,245.814,4057,14,237
2026-09-04T11:27:22.369,246.013,4056,13,237
2026-09-04T11:27:22.569,246.213,4057,14,237
2026-09-04T11:27:22.769,246.413,4057,15,237
2026-09-04T11:27:22.969,246.613,4057,13,237
2026-09-04T11:27:23.169,246.813,4057,15,237
2026-09-04T11:27:23.369,247.012,4057,13,237
2026-09-04T11:27:23.568,247.212,4057,14,237
2026-09-04T11:27:23.768,247.412,4056,11,236
2026-09-04T11:27:23.969,247.612,4057,16,237
2026-09-04T11:27:24.168,247.812,4057,12,236
2026-09-04T11:27:24.368,248.012,4057,14,237
2026-09-04T11:27:24.568,248.212,4057,13,236
2026-09-04T11:27:24.768,248.411,4057,12,236
2026-09-04T11:27:24.967,248.611,4057,13,236
2026-09-04T11:27:25.168,248.811,4058,15,236
2026-09-04T11:27:25.367,249.011,4057,13,236
2026-09-04T11:27:25.567,249.211,4057,14,236
2026-09-04T11:27:25.767,249.411,4057,14,236
2026-09-04T11:27:25.967,249.611,4057,14,236
2026-09-04T11:27:26.167,249.810,4058,14,236
2026-09-04T11:27:26.367,250.010,4057,14,237
2026-09-04T11:27:26.566,250.210,4057,14,236
2026-09-04T11:27:26.766,250.410,4057,12,236
2026-09-04T11:27:26.966,250.610,4057,15,236
2026-09-04T11:27:27.166,250.810,4057,12,236
2026-09-04T11:27:27.366,251.009,4057,14,237
2026-09-04T11:27:27.566,251.209,4057,12,236
2026-09-04T11:27:27.765,251.409,4057,13,236
2026-09-04T11:27:27.965,251.609,4058,13,236
2026-09-04T11:27:28.165,251.809,4057,15,236
2026-09-04T11:27:28.365,252.009,4057,13,236
2026-09-04T11:27:28.565,252.209,4057,15,236
2026-09-04T11:27:28.765,252.408,4058,13,236
2026-09-04T11:27:28.964,252.608,4057,14,236
2026-09-04T11:27:29.164,252.808,4058,14,236
2026-09-04T11:27:29.364,253.008,4057,15,236
2026-09-04T11:27:29.564,253.208,4057,14,235
2026-09-04T11:27:29.764,253.408,4058,13,236
2026-09-04T11:27:29.964,253.608,4057,14,236
2026-09-04T11:27:30.164,253.808,4058,12,235
2026-09-04T11:27:30.364,254.007,4058,14,236
2026-09-04T11:27:30.564,254.208,4057,12,235
2026-09-04T11:27:30.763,254.407,4057,14,235
2026-09-04T11:27:30.963,254.607,4058,13,235
2026-09-04T11:27:31.163,254.807,4057,15,236
2026-09-04T11:27:31.363,255.007,4057,13,235
2026-09-04T11:27:31.563,255.207,4057,14,235
2026-09-04T11:27:31.763,255.407,4057,12,236
2026-09-04T11:27:31.962,255.606,4058,15,235
2026-09-04T11:27:32.162,255.806,4057,14,236
2026-09-04T11:27:32.362,256.006,4058,16,236
2026-09-04T11:27:32.562,256.206,4057,14,236
2026-09-04T11:27:32.762,256.406,4057,14,235
2026-09-04T11:27:32.962,256.606,4057,13,236
2026-09-04T11:27:33.162,256.805,4057,12,235
2026-09-04T11:27:33.362,257.005,4057,13,236
2026-09-04T11:27:33.561,257.205,4057,12,236
2026-09-04T11:27:33.761,257.405,4058,13,235
2026-09-04T11:27:33.961,257.605,4058,14,235
2026-09-04T11:27:34.161,257.805,4058,13,236
2026-09-04T11:27:34.361,258.005,4058,13,236
2026-09-04T11:27:34.561,258.204,4058,14,235
2026-09-04T11:27:34.761,258.404,4057,13,236
2026-09-04T11:27:34.960,258.604,4058,13,235
2026-09-04T11:27:35.160,258.804,4057,15,236
2026-09-04T11:27:35.360,259.004,4057,14,235
2026-09-04T11:27:35.560,259.204,4058,15,236
2026-09-04T11:27:35.760,259.403,4057,13,235
2026-09-04T11:27:35.960,259.603,4058,13,236
2026-09-04T11:27:36.160,259.803,4057,11,235
2026-09-04T11:27:36.359,260.003,4058,14,236
2026-09-04T11:27:36.559,260.203,4058,12,236
2026-09-04T11:27:36.759,260.403,4058,13,235
2026-09-04T11:27:36.959,260.603,4057,14,235
2026-09-04T11:27:37.159,260.803,4058,12,236
2026-09-04T11:27:37.359,261.002,4057,13,235
2026-09-04T11:27:37.559,261.202,4057,14,235
2026-09-04T11:27:37.758,261.402,4058,13,236
2026-09-04T11:27:37.958,261.602,4057,13,235
2026-09-04T11:27:38.158,261.802,4058,15,236
2026-09-04T11:27:38.358,262.002,4058,13,236
2026-09-04T11:27:38.558,262.202,4058,15,236
2026-09-04T11:27:38.758,262.402,4058,13,235
2026-09-04T11:27:38.958,262.601,4058,15,236
2026-09-04T11:27:39.158,262.801,4058,11,236
2026-09-04T11:27:39.358,263.001,4058,14,236
2026-09-04T11:27:39.557,263.201,4057,12,236
2026-09-04T11:27:39.758,263.401,4057,14,236
2026-09-04T11:27:39.957,263.601,4058,13,235
2026-09-04T11:27:40.157,263.801,4058,13,236
2026-09-04T11:27:40.357,264.000,4058,13,236
2026-09-04T11:27:40.557,264.200,4058,15,236
2026-09-04T11:27:40.756,264.400,4058,13,236
2026-09-04T11:27:40.956,264.600,4058,15,236
2026-09-04T11:27:41.156,264.800,4058,14,236
2026-09-04T11:27:41.356,265.000,4058,14,236
2026-09-04T11:27:41.556,265.200,4058,14,236
2026-09-04T11:27:41.756,265.400,4057,14,236
2026-09-04T11:27:41.955,265.599,4058,12,236
2026-09-04T11:27:42.155,265.799,4060,12,236
2026-09-04T11:27:42.355,265.999,4058,14,236
2026-09-04T11:27:42.555,266.199,4057,12,237
2026-09-04T11:27:42.755,266.399,4057,13,236
2026-09-04T11:27:42.955,266.599,4058,12,236
2026-09-04T11:27:43.155,266.799,4058,13,236
2026-09-04T11:27:43.354,266.998,4058,14,236
2026-09-04T11:27:43.554,267.198,4058,15,236
2026-09-04T11:27:43.754,267.398,4058,13,236
2026-09-04T11:27:43.954,267.598,4058,15,236
2026-09-04T11:27:44.154,267.798,4058,13,236
2026-09-04T11:27:44.354,267.998,4058,15,236
2026-09-04T11:27:44.554,268.197,4058,14,237
2026-09-04T11:27:44.754,268.398,4057,15,236
2026-09-04T11:27:44.954,268.597,4058,12,236
2026-09-04T11:27:45.153,268.797,4058,14,237
2026-09-04T11:27:45.353,268.997,4058,13,236
2026-09-04T11:27:45.553,269.197,4058,12,237
2026-09-04T11:27:45.753,269.397,4058,12,236
2026-09-04T11:27:45.953,269.596,4058,13,237
2026-09-04T11:27:46.153,269.796,4058,13,236
2026-09-04T11:27:46.353,269.996,4060,14,237
2026-09-04T11:27:46.552,270.196,4060,13,237
2026-09-04T11:27:46.752,270.396,4060,13,237
2026-09-04T11:27:46.952,270.596,4057,14,237
2026-09-04T11:27:47.152,270.796,4058,13,236
2026-09-04T11:27:47.352,270.996,4058,14,237
2026-09-04T11:27:47.552,271.195,4058,15,237
2026-09-04T11:27:47.752,271.395,4058,14,237
2026-09-04T11:27:47.951,271.595,4058,12,236
2026-09-04T11:27:48.151,271.795,4058,14,237
2026-09-04T11:27:48.351,271.995,4058,12,237
2026-09-04T11:27:48.551,272.195,4060,11,237
2026-09-04T11:27:48.751,272.395,4058,15,237
2026-09-04T11:27:48.951,272.595,4058,12,237
2026-09-04T11:27:49.151,272.794,4058,13,237
2026-09-04T11:27:49.350,272.994,4058,13,237
2026-09-04T11:27:49.550,273.194,4060,13,237
2026-09-04T11:27:49.750,273.394,4058,13,237
2026-09-04T11:27:49.950,273.594,4058,15,237
2026-09-04T11:27:50.150,273.794,4060,13,237
2026-09-04T11:27:50.350,273.994,4060,15,237
2026-09-04T11:27:50.550,274.193,4060,13,237
2026-09-04T11:27:50.750,274.393,4060,14,237
2026-09-04T11:27:50.949,274.593,4060,11,238
2026-09-04T11:27:51.150,274.794,4058,15,237
2026-09-04T11:27:51.349,274.993,4058,12,237
2026-09-04T11:27:51.549,275.193,4058,14,237
2026-09-04T11:27:51.749,275.393,4060,13,237
2026-09-04T11:27:51.949,275.592,4058,12,238
2026-09-04T11:27:52.149,275.793,4057,13,237
2026-09-04T11:27:52.349,275.992,4058,12,237
2026-09-04T11:27:52.548,276.192,4060,13,237
2026-09-04T11:27:52.748,276.392,4058,14,237
2026-09-04T11:27:52.948,276.592,4060,14,237
2026-09-04T11:27:53.148,276.792,4058,13,237
2026-09-04T11:27:53.348,276.992,4060,14,237
2026-09-04T11:27:53.548,277.192,4060,13,237
2026-09-04T11:27:53.748,277.391,4060,14,237
2026-09-04T11:27:53.948,277.591,4058,14,237
2026-09-04T11:27:54.148,277.792,4060,14,237
2026-09-04T11:27:54.348,277.991,4058,12,236
2026-09-04T11:27:54.547,278.191,4060,13,237
2026-09-04T11:27:54.747,278.391,4060,12,237
2026-09-04T11:27:54.947,278.591,4060,11,237
2026-09-04T11:27:55.147,278.791,4060,14,237
2026-09-04T11:27:55.347,278.990,4060,12,237
2026-09-04T11:27:55.547,279.190,4058,14,236
2026-09-04T11:27:55.746,279.390,4058,13,237
2026-09-04T11:27:55.946,279.590,4058,13,237
2026-09-04T11:27:56.146,279.790,4060,13,236
2026-09-04T11:27:56.347,279.990,4060,15,237
2026-09-04T11:27:56.546,280.190,4060,13,236
2026-09-04T11:27:56.746,280.389,4058,15,236
2026-09-04T11:27:56.946,280.589,4060,13,236
2026-09-04T11:27:57.145,280.789,4058,14,236
2026-09-04T11:27:57.345,280.989,4060,11,237
2026-09-04T11:27:57.545,281.189,4058,15,236
2026-09-04T11:27:57.745,281.389,4058,12,237
2026-09-04T11:27:57.945,281.589,4060,14,236
2026-09-04T11:27:58.145,281.789,4058,13,236
2026-09-04T11:27:58.345,281.989,4060,12,237
2026-09-04T11:27:58.545,282.188,4060,13,236
2026-09-04T11:27:58.745,282.388,4058,12,236
2026-09-04T11:27:58.944,282.588,4060,13,236
2026-09-04T11:27:59.144,282.788,4060,14,236
2026-09-04T11:27:59.344,282.988,4058,14,236
2026-09-04T11:27:59.544,283.188,4060,13,236
2026-09-04T11:27:59.744,283.388,4060,14,236
2026-09-04T11:27:59.944,283.587,4060,12,236
2026-09-04T11:28:00.144,283.787,4060,14,236
2026-09-04T11:28:00.344,283.987,4060,13,236
2026-09-04T11:28:00.544,284.187,4058,15,236
2026-09-04T11:28:00.743,284.387,4060,12,236
2026-09-04T11:28:00.943,284.587,4060,14,236
2026-09-04T11:28:01.143,284.787,4060,13,236
2026-09-04T11:28:01.343,284.987,4061,12,236
2026-09-04T11:28:01.543,285.187,4060,13,236
2026-09-04T11:28:01.742,285.386,4061,13,235
2026-09-04T11:28:01.942,285.586,4060,13,236
2026-09-04T11:28:02.142,285.786,4060,14,236
2026-09-04T11:28:02.342,285.986,4060,14,236
2026-09-04T11:28:02.542,286.185,4060,14,236
2026-09-04T11:28:02.742,286.385,4058,14,235
2026-09-04T11:28:02.942,286.585,4058,14,236
2026-09-04T11:28:03.141,286.785,4060,14,236
2026-09-04T11:28:03.341,286.985,4061,13,236
2026-09-04T11:28:03.541,287.185,4058,15,235
2026-09-04T11:28:03.742,287.385,4060,13,236
2026-09-04T11:28:03.941,287.585,4060,15,235
2026-09-04T11:28:04.140,287.784,4060,12,236
2026-09-04T11:28:04.341,287.984,4058,12,236
2026-09-04T11:28:04.540,288.184,4060,13,236
2026-09-04T11:28:04.740,288.384,4060,12,235
2026-09-04T11:28:04.940,288.584,4060,13,236
2026-09-04T11:28:05.140,288.783,4060,14,235
2026-09-04T11:28:05.340,288.983,4060,13,236
2026-09-04T11:28:05.539,289.183,4060,14,235
2026-09-04T11:28:05.740,289.383,4060,14,235
2026-09-04T11:28:05.939,289.583,4061,15,236
2026-09-04T11:28:06.139,289.783,4060,14,236
2026-09-04T11:28:06.339,289.983,4058,14,236
2026-09-04T11:28:06.539,290.183,4060,15,235
2026-09-04T11:28:06.739,290.382,4061,13,236
2026-09-04T11:28:06.938,290.582,4060,14,235
2026-09-04T11:28:07.138,290.782,4061,13,236
2026-09-04T11:28:07.338,290.982,4060,12,235
2026-09-04T11:28:07.538,291.182,4058,13,235
2026-09-04T11:28:07.738,291.382,4060,13,235
2026-09-04T11:28:07.938,291.582,4060,13,236
2026-09-04T11:28:08.138,291.782,4061,15,235
2026-09-04T11:28:08.338,291.981,4060,13,236
2026-09-04T11:28:08.538,292.181,4060,14,235
2026-09-04T11:28:08.737,292.381,4060,14,236
2026-09-04T11:28:08.937,292.581,4061,14,235
2026-09-04T11:28:09.137,292.781,4060,14,236
2026-09-04T11:28:09.337,292.981,4061,14,235
2026-09-04T11:28:09.537,293.181,4060,15,236
2026-09-04T11:28:09.736,293.380,4061,12,235
2026-09-04T11:28:09.936,293.580,4060,15,236
2026-09-04T11:28:10.136,293.780,4060,12,236
2026-09-04T11:28:10.336,293.980,4060,12,235
2026-09-04T11:28:10.536,294.180,4061,12,235
2026-09-04T11:28:10.736,294.380,4058,13,235
2026-09-04T11:28:10.935,294.579,4060,13,236
2026-09-04T11:28:11.135,294.779,4060,15,235
2026-09-04T11:28:11.336,294.980,4060,14,236
2026-09-04T11:28:11.535,295.179,4061,14,235
2026-09-04T11:28:11.735,295.379,4060,15,235
2026-09-04T11:28:11.935,295.579,4060,13,235
2026-09-04T11:28:12.135,295.778,4060,15,235
2026-09-04T11:28:12.335,295.978,4060,12,234
2026-09-04T11:28:12.534,296.178,4061,16,235
2026-09-04T11:28:12.734,296.378,4061,12,235
2026-09-04T11:28:12.934,296.578,4060,15,235
2026-09-04T11:28:13.134,296.777,4060,13,235
2026-09-04T11:28:13.334,296.978,4060,12,235
2026-09-04T11:28:13.534,297.177,4060,13,234
2026-09-04T11:28:13.733,297.377,4060,16,235
2026-09-04T11:28:13.933,297.577,4061,13,235
2026-09-04T11:28:14.133,297.777,4060,15,235
2026-09-04T11:28:14.333,297.977,4061,14,234
2026-09-04T11:28:14.533,298.177,4060,14,235
2026-09-04T11:28:14.733,298.377,4062,14,235
2026-09-04T11:28:14.933,298.577,4061,14,235
2026-09-04T11:28:15.133,298.776,4061,14,234
2026-09-04T11:28:15.332,298.976,4060,12,235
2026-09-04T11:28:15.532,299.176,4060,16,235
2026-09-04T11:28:15.732,299.376,4060,12,235
2026-09-04T11:28:15.932,299.575,4061,15,235
2026-09-04T11:28:16.132,299.775,4060,13,235
2026-09-04T11:28:16.331,299.975,4060,13,234
2026-09-04T11:28:16.531,300.175,4060,13,235
2026-09-04T11:28:16.731,300.375,4060,15,235
2026-09-04T11:28:16.931,300.575,4060,13,235
2026-09-04T11:28:17.131,300.775,4060,15,235
2026-09-04T11:28:17.331,300.975,4061,15,235
2026-09-04T11:28:17.531,301.174,4060,14,235
2026-09-04T11:28:17.731,301.374,4060,15,235
2026-09-04T11:28:17.930,301.574,4061,13,235
2026-09-04T11:28:18.130,301.774,4060,15,234
2026-09-04T11:28:18.330,301.973,4061,12,235
2026-09-04T11:28:18.530,302.173,4060,16,235
2026-09-04T11:28:18.729,302.373,4061,12,235
2026-09-04T11:28:18.929,302.573,4061,13,235
2026-09-04T11:28:19.129,302.773,4061,13,235
2026-09-04T11:28:19.329,302.973,4060,13,235
2026-09-04T11:28:19.529,303.173,4061,13,235
2026-09-04T11:28:19.729,303.372,4061,15,235
2026-09-04T11:28:19.928,303.572,4060,14,235
2026-09-04T11:28:20.129,303.773,4060,15,235
2026-09-04T11:28:20.328,303.972,4061,15,235
2026-09-04T11:28:20.528,304.172,4061,13,235
2026-09-04T11:28:20.728,304.372,4062,15,235
2026-09-04T11:28:20.927,304.571,4062,13,235
2026-09-04T11:28:21.127,304.771,4061,13,235
2026-09-04T11:28:21.327,304.971,4061,11,235
2026-09-04T11:28:21.527,305.171,4061,14,235
2026-09-04T11:28:21.727,305.371,4061,12,236
2026-09-04T11:28:21.927,305.570,4061,13,235
2026-09-04T11:28:22.127,305.770,4061,13,235
2026-09-04T11:28:22.326,305.970,4061,13,235
2026-09-04T11:28:22.526,306.170,4061,13,235
2026-09-04T11:28:22.726,306.370,4062,15,235
2026-09-04T11:28:22.926,306.569,4061,13,235
2026-09-04T11:28:23.126,306.769,4061,15,235
2026-09-04T11:28:23.326,306.969,4061,14,235
2026-09-04T11:28:23.525,307.169,4061,14,236
2026-09-04T11:28:23.725,307.369,4061,11,235
2026-09-04T11:28:23.925,307.569,4061,14,235
2026-09-04T11:28:24.125,307.768,4061,12,235
2026-09-04T11:28:24.325,307.968,4061,13,235
2026-09-04T11:28:24.524,308.168,4061,14,236
2026-09-04T11:28:24.724,308.368,4061,13,235
2026-09-04T11:28:24.924,308.568,4062,13,235
2026-09-04T11:28:25.124,308.768,4061,12,235
2026-09-04T11:28:25.324,308.967,4061,14,236
2026-09-04T11:28:25.523,309.167,4061,14,235
2026-09-04T11:28:25.723,309.367,4061,15,236
2026-09-04T11:28:25.923,309.567,4060,14,235
2026-09-04T11:28:26.123,309.767,4061,14,236
2026-09-04T11:28:26.323,309.966,4061,14,236
2026-09-04T11:28:26.523,310.166,4061,14,236
2026-09-04T11:28:26.722,310.366,4061,12,235
2026-09-04T11:28:26.922,310.566,4061,15,236
2026-09-04T11:28:27.123,310.767,4061,12,236
2026-09-04T11:28:27.322,310.966,4061,15,236
2026-09-04T11:28:27.522,311.165,4061,13,237
2026-09-04T11:28:27.722,311.365,4062,12,236
2026-09-04T11:28:27.921,311.565,4061,13,236
2026-09-04T11:28:28.121,311.765,4061,15,236
2026-09-04T11:28:28.321,311.965,4061,13,237
2026-09-04T11:28:28.521,312.164,4061,15,236
2026-09-04T11:28:28.721,312.365,4061,13,237
2026-09-04T11:28:28.921,312.564,4061,14,236
2026-09-04T11:28:29.120,312.764,4061,14,237
2026-09-04T11:28:29.320,312.964,4061,15,237
2026-09-04T11:28:29.520,313.164,4061,14,237
2026-09-04T11:28:29.720,313.364,4061,13,236
2026-09-04T11:28:29.920,313.563,4061,14,237
2026-09-04T11:28:30.120,313.763,4061,13,237
2026-09-04T11:28:30.319,313.963,4061,13,238
2026-09-04T11:28:30.519,314.163,4061,12,237
2026-09-04T11:28:30.719,314.362,4062,14,237
2026-09-04T11:28:30.919,314.562,4061,13,237
2026-09-04T11:28:31.118,314.762,4061,15,237
2026-09-04T11:28:31.318,314.962,4061,13,237
2026-09-04T11:28:31.518,315.162,4061,15,238
2026-09-04T11:28:31.718,315.362,4062,13,237
2026-09-04T11:28:31.918,315.561,4062,15,237
2026-09-04T11:28:32.117,315.761,4061,14,237
2026-09-04T11:28:32.317,315.961,4061,16,238
2026-09-04T11:28:32.517,316.161,4062,12,237
2026-09-04T11:28:32.717,316.361,4061,15,238
2026-09-04T11:28:32.917,316.561,4061,12,237
2026-09-04T11:28:33.117,316.760,4062,12,238
2026-09-04T11:28:33.316,316.960,4061,13,237
2026-09-04T11:28:33.516,317.160,4061,13,237
2026-09-04T11:28:33.716,317.360,4061,13,236
2026-09-04T11:28:33.916,317.560,4061,14,237
2026-09-04T11:28:34.116,317.759,4061,13,237
2026-09-04T11:28:34.316,317.959,4060,13,237
2026-09-04T11:28:34.515,318.159,4061,14,237
2026-09-04T11:28:34.715,318.359,4061,12,237
2026-09-04T11:28:34.915,318.559,4061,14,237
2026-09-04T11:28:35.115,318.758,4061,12,238
2026-09-04T11:28:35.315,318.959,4061,16,237
2026-09-04T11:28:35.514,319.158,4061,12,238
2026-09-04T11:28:35.714,319.358,4061,15,237
2026-09-04T11:28:35.914,319.558,4061,13,238
2026-09-04T11:28:36.114,319.758,4061,12,237
2026-09-04T11:28:36.314,319.957,4062,13,237
2026-09-04T11:28:36.513,320.157,4061,12,237
2026-09-04T11:28:36.713,320.357,4061,13,237
2026-09-04T11:28:36.913,320.557,4061,13,237
2026-09-04T11:28:37.113,320.757,4062,15,237
2026-09-04T11:28:37.313,320.956,4061,13,237
2026-09-04T11:28:37.513,321.157,4061,15,237
2026-09-04T11:28:37.712,321.356,4061,14,237
2026-09-04T11:28:37.912,321.556,4061,14,237
2026-09-04T11:28:38.112,321.756,4061,12,237
2026-09-04T11:28:38.312,321.956,4062,13,237
2026-09-04T11:28:38.512,322.155,4061,13,237
2026-09-04T11:28:38.711,322.355,4061,11,238
2026-09-04T11:28:38.911,322.555,4062,15,237
2026-09-04T11:28:39.111,322.755,4062,12,237
2026-09-04T11:28:39.311,322.955,4062,13,238
2026-09-04T11:28:39.511,323.155,4061,14,237
2026-09-04T11:28:39.710,323.354,4062,13,238
2026-09-04T11:28:39.910,323.554,4062,14,238
2026-09-04T11:28:40.110,323.754,4062,14,238
2026-09-04T11:28:40.310,323.954,4062,15,238
2026-09-04T11:28:40.510,324.154,4061,14,238
2026-09-04T11:28:40.710,324.353,4061,15,237
2026-09-04T11:28:40.909,324.553,4061,13,237
2026-09-04T11:28:41.109,324.753,4061,12,237
2026-09-04T11:28:41.309,324.953,4061,13,237
2026-09-04T11:28:41.509,325.153,4062,12,237
2026-09-04T11:28:41.709,325.353,4062,13,237
2026-09-04T11:28:41.909,325.552,4062,14,236
2026-09-04T11:28:42.109,325.753,4061,14,237
2026-09-04T11:28:42.308,325.952,4061,13,236
2026-09-04T11:28:42.508,326.152,4062,14,236
2026-09-04T11:28:42.708,326.352,4061,12,236
2026-09-04T11:28:42.908,326.551,4062,14,237
2026-09-04T11:28:43.107,326.751,4061,14,236
2026-09-04T11:28:43.308,326.951,4062,16,237
2026-09-04T11:28:43.507,327.151,4062,13,236
2026-09-04T11:28:43.707,327.351,4062,15,236
2026-09-04T11:28:43.907,327.551,4061,14,236
2026-09-04T11:28:44.107,327.750,4062,12,236
2026-09-04T11:28:44.307,327.950,4061,13,237
2026-09-04T11:28:44.506,328.150,4062,12,236
2026-09-04T11:28:44.706,328.350,4062,13,236
2026-09-04T11:28:44.906,328.550,4062,13,237
2026-09-04T11:28:45.106,328.749,4062,15,237
2026-09-04T11:28:45.306,328.950,4062,13,236
2026-09-04T11:28:45.505,329.149,4062,15,237
2026-09-04T11:28:45.705,329.349,4062,12,236
2026-09-04T11:28:45.905,329.549,4062,15,237
2026-09-04T11:28:46.105,329.749,4062,13,236
2026-09-04T11:28:46.305,329.949,4061,15,237
2026-09-04T11:28:46.505,330.148,4061,12,235
2026-09-04T11:28:46.704,330.348,4062,14,236
2026-09-04T11:28:46.905,330.548,4062,14,236
2026-09-04T11:28:47.104,330.748,4062,13,237
2026-09-04T11:28:47.304,330.948,4062,13,236
2026-09-04T11:28:47.504,331.148,4062,12,236
2026-09-04T11:28:47.704,331.347,4061,13,236
2026-09-04T11:28:47.903,331.547,4061,14,237
2026-09-04T11:28:48.104,331.747,4062,15,236
2026-09-04T11:28:48.303,331.947,4062,13,237
2026-09-04T11:28:48.503,332.147,4062,15,236
2026-09-04T11:28:48.703,332.347,4061,13,237
2026-09-04T11:28:48.903,332.546,4062,14,236
2026-09-04T11:28:49.103,332.746,4062,11,237
2026-09-04T11:28:49.302,332.946,4062,14,236
2026-09-04T11:28:49.502,333.146,4062,12,237
2026-09-04T11:28:49.702,333.346,4062,13,236
2026-09-04T11:28:49.902,333.545,4062,14,237
2026-09-04T11:28:50.102,333.745,4062,12,236
2026-09-04T11:28:50.302,333.945,4062,13,236
2026-09-04T11:28:50.501,334.145,4062,13,236
2026-09-04T11:28:50.701,334.345,4062,13,237
2026-09-04T11:28:50.901,334.544,4061,13,236
2026-09-04T11:28:51.101,334.744,4061,15,237
2026-09-04T11:28:51.300,334.944,4061,14,236
2026-09-04T11:28:51.500,335.144,4062,14,237
2026-09-04T11:28:51.700,335.344,4062,14,236
2026-09-04T11:28:51.900,335.544,4061,13,237
2026-09-04T11:28:52.100,335.744,4062,12,236
2026-09-04T11:28:52.300,335.944,4061,13,237
2026-09-04T11:28:52.500,336.143,4062,13,236
2026-09-04T11:28:52.699,336.343,4062,11,237
2026-09-04T11:28:52.899,336.543,4062,14,237
2026-09-04T11:28:53.099,336.743,4062,12,236
2026-09-04T11:28:53.299,336.943,4062,13,237
2026-09-04T11:28:53.499,337.142,4061,14,237
2026-09-04T11:28:53.699,337.342,4062,13,236
2026-09-04T11:28:53.898,337.542,4062,15,237
2026-09-04T11:28:54.098,337.742,4062,13,236
2026-09-04T11:28:54.298,337.942,4062,15,236
2026-09-04T11:28:54.498,338.142,4062,14,237
2026-09-04T11:28:54.698,338.341,4062,13,236
2026-09-04T11:28:54.898,338.541,4062,15,237
2026-09-04T11:28:55.097,338.741,4062,12,236
2026-09-04T11:28:55.297,338.941,4062,14,237
2026-09-04T11:28:55.497,339.140,4062,12,237
2026-09-04T11:28:55.696,339.340,4062,12,236
2026-09-04T11:28:55.896,339.540,4062,12,236
2026-09-04T11:28:56.096,339.740,4062,15,237
2026-09-04T11:28:56.296,339.940,4062,13,236
2026-09-04T11:28:56.496,340.140,4062,15,237
2026-09-04T11:28:56.696,340.339,4063,15,236
2026-09-04T11:28:56.895,340.539,4062,13,237
2026-09-04T11:28:57.096,340.739,4062,15,236
2026-09-04T11:28:57.295,340.939,4063,13,237
2026-09-04T11:28:57.495,341.139,4062,15,236
2026-09-04T11:28:57.695,341.339,4062,11,237
2026-09-04T11:28:57.895,341.538,4062,15,236
2026-09-04T11:28:58.095,341.738,4062,12,237
2026-09-04T11:28:58.295,341.938,4062,13,236
2026-09-04T11:28:58.494,342.138,4063,14,236
2026-09-04T11:28:58.694,342.338,4063,12,236
2026-09-04T11:28:58.894,342.538,4062,13,236
2026-09-04T11:28:59.094,342.737,4062,14,236
2026-09-04T11:28:59.293,342.937,4062,13,236
2026-09-04T11:28:59.493,343.137,4062,13,236
2026-09-04T11:28:59.693,343.337,4063,15,236
2026-09-04T11:28:59.893,343.537,4062,14,236
2026-09-04T11:29:00.093,343.736,4062,15,237
2026-09-04T11:29:00.293,343.936,4062,14,236
2026-09-04T11:29:00.492,344.136,4062,14,236
2026-09-04T11:29:00.692,344.336,4062,12,236
2026-09-04T11:29:00.892,344.536,4062,13,236
2026-09-04T11:29:01.092,344.736,4062,13,236
2026-09-04T11:29:01.292,344.935,4062,13,236
2026-09-04T11:29:01.492,345.135,4062,14,236
2026-09-04T11:29:01.692,345.335,4063,13,236
2026-09-04T11:29:01.892,345.535,4062,13,236
2026-09-04T11:29:02.091,345.735,4062,14,236
2026-09-04T11:29:02.292,345.935,4062,12,236
2026-09-04T11:29:02.491,346.134,4061,14,236
2026-09-04T11:29:02.691,346.334,4062,14,236
2026-09-04T11:29:02.890,346.534,4062,16,236
2026-09-04T11:29:03.090,346.734,4063,13,235
2026-09-04T11:29:03.290,346.934,4062,14,236
2026-09-04T11:29:03.490,347.134,4062,13,236
2026-09-04T11:29:03.690,347.334,4062,13,236
2026-09-04T11:29:03.889,347.533,4062,13,236
2026-09-04T11:29:04.089,347.733,4062,12,236
2026-09-04T11:29:04.289,347.933,4063,13,236
2026-09-04T11:29:04.489,348.133,4062,13,236
2026-09-04T11:29:04.689,348.332,4062,15,236
2026-09-04T11:29:04.889,348.532,4062,13,236
2026-09-04T11:29:05.088,348.732,4062,15,236
2026-09-04T11:29:05.289,348.932,4062,14,236
2026-09-04T11:29:05.488,349.132,4063,14,236
2026-09-04T11:29:05.688,349.332,4063,11,236
2026-09-04T11:29:05.888,349.531,4062,14,236
2026-09-04T11:29:06.088,349.732,4062,12,236
2026-09-04T11:29:06.287,349.931,4061,11,236
2026-09-04T11:29:06.487,350.131,4063,14,237
2026-09-04T11:29:06.687,350.331,4062,12,236
2026-09-04T11:29:06.887,350.531,4061,14,236
2026-09-04T11:29:07.087,350.731,4062,14,236
2026-09-04T11:29:07.287,350.930,4062,12,236
2026-09-04T11:29:07.486,351.130,4062,13,236
2026-09-04T11:29:07.686,351.330,4063,14,236
2026-09-04T11:29:07.886,351.530,4062,16,236
2026-09-04T11:29:08.086,351.730,4062,14,236
2026-09-04T11:29:08.286,351.929,4062,14,236
2026-09-04T11:29:08.486,352.130,4062,14,236
2026-09-04T11:29:08.686,352.329,4062,13,236
2026-09-04T11:29:08.885,352.529,4063,14,236
2026-09-04T11:29:09.085,352.729,4062,12,236
2026-09-04T11:29:09.285,352.929,4063,12,236
2026-09-04T11:29:09.485,353.128,4062,13,236
2026-09-04T11:29:09.685,353.329,4063,13,235
2026-09-04T11:29:09.884,353.528,4062,13,236
2026-09-04T11:29:10.084,353.728,4062,14,236
2026-09-04T11:29:10.284,353.928,4062,14,236
2026-09-04T11:29:10.484,354.127,4062,14,235
2026-09-04T11:29:10.684,354.327,4062,14,236
2026-09-04T11:29:10.883,354.527,4062,13,236
2026-09-04T11:29:11.083,354.727,4062,15,236
2026-09-04T11:29:11.283,354.927,4062,11,235
2026-09-04T11:29:11.483,355.127,4062,15,236
2026-09-04T11:29:11.682,355.326,4062,12,235
2026-09-04T11:29:11.883,355.526,4062,13,236
2026-09-04T11:29:12.082,355.726,4062,14,235
2026-09-04T11:29:12.282,355.926,4062,12,235
2026-09-04T11:29:12.482,356.126,4062,13,236
2026-09-04T11:29:12.682,356.325,4062,14,236
2026-09-04T11:29:12.881,356.525,4062,13,235
2026-09-04T11:29:13.081,356.725,4063,13,236
2026-09-04T11:29:13.281,356.925,4062,15,235
2026-09-04T11:29:13.481,357.124,4062,14,235
2026-09-04T11:29:13.681,357.324,4062,14,236
2026-09-04T11:29:13.880,357.524,4063,14,235
2026-09-04T11:29:14.080,357.724,4062,13,236
2026-09-04T11:29:14.280,357.924,4063,12,235
2026-09-04T11:29:14.480,358.123,4062,13,236
2026-09-04T11:29:14.680,358.324,4062,12,235
2026-09-04T11:29:14.880,358.523,4062,13,235
2026-09-04T11:29:15.079,358.723,4063,13,236
2026-09-04T11:29:15.279,358.923,4062,15,236
2026-09-04T11:29:15.479,359.122,4062,13,235
2026-09-04T11:29:15.679,359.322,4063,15,236
2026-09-04T11:29:15.878,359.522,4062,13,235
2026-09-04T11:29:16.078,359.722,4062,14,236
2026-09-04T11:29:16.278,359.922,4062,13,235
2026-09-04T11:29:16.478,360.122,4063,15,235
2026-09-04T11:29:16.678,360.321,4062,12,235
2026-09-04T11:29:16.877,360.521,4063,13,235
2026-09-04T11:29:17.078,360.721,4062,14,236
2026-09-04T11:29:17.277,360.921,4062,12,236
2026-09-04T11:29:17.477,361.121,4062,14,235
2026-09-04T11:29:17.677,361.321,4062,13,235
2026-09-04T11:29:17.876,361.520,4062,13,236
2026-09-04T11:29:18.076,361.720,4062,13,235
2026-09-04T11:29:18.276,361.920,4063,15,236
2026-09-04T11:29:18.476,362.120,4062,14,235
2026-09-04T11:29:18.676,362.320,4062,14,236
2026-09-04T11:29:18.876,362.519,4063,14,236
2026-09-04T11:29:19.075,362.719,4062,13,236
2026-09-04T11:29:19.275,362.919,4062,12,235
2026-09-04T11:29:19.475,363.119,4062,13,236
2026-09-04T11:29:19.676,363.320,4062,13,235
2026-09-04T11:29:19.875,363.518,4063,11,236
2026-09-04T11:29:20.074,363.718,4062,14,235
2026-09-04T11:29:20.274,363.918,4062,12,235
2026-09-04T11:29:20.474,364.118,4062,13,235
2026-09-04T11:29:20.674,364.318,4062,14,236
2026-09-04T11:29:20.874,364.517,4062,12,236
2026-09-04T11:29:21.074,364.717,4063,13,236
2026-09-04T11:29:21.273,364.917,4063,14,235
2026-09-04T11:29:21.473,365.117,4062,15,236
2026-09-04T11:29:21.673,365.317,4063,14,236
2026-09-04T11:29:21.873,365.517,4063,14,236
2026-09-04T11:29:22.073,365.717,4063,14,235
2026-09-04T11:29:22.273,365.917,4062,12,236
2026-09-04T11:29:22.472,366.116,4062,14,235
2026-09-04T11:29:22.672,366.316,4063,13,236
2026-09-04T11:29:22.872,366.516,4063,12,236
2026-09-04T11:29:23.072,366.715,4063,13,235
2026-09-04T11:29:23.272,366.916,4062,13,236
2026-09-04T11:29:23.471,367.115,4063,13,236
2026-09-04T11:29:23.671,367.315,4062,15,235
2026-09-04T11:29:23.871,367.515,4062,15,236
2026-09-04T11:29:24.071,367.715,4063,14,235
2026-09-04T11:29:24.271,367.914,4062,15,236
2026-09-04T11:29:24.470,368.114,4062,13,236
2026-09-04T11:29:24.670,368.314,4063,15,236
2026-09-04T11:29:24.870,368.514,4063,11,235
2026-09-04T11:29:25.070,368.714,4063,15,236
2026-09-04T11:29:25.270,368.914,4063,12,236
2026-09-04T11:29:25.470,369.113,4063,13,237
2026-09-04T11:29:25.670,369.314,4062,14,236
2026-09-04T11:29:25.870,369.513,4062,12,236
2026-09-04T11:29:26.069,369.713,4062,13,236
2026-09-04T11:29:26.269,369.913,4063,14,237
2026-09-04T11:29:26.469,370.113,4063,13,236
2026-09-04T11:29:26.669,370.312,4063,13,237
2026-09-04T11:29:26.869,370.512,4063,15,236
2026-09-04T11:29:27.068,370.712,4063,13,237
2026-09-04T11:29:27.268,370.912,4063,15,236
2026-09-04T11:29:27.468,371.112,4063,13,237
2026-09-04T11:29:27.668,371.312,4063,14,236
2026-09-04T11:29:27.868,371.512,4062,11,237
2026-09-04T11:29:28.067,371.711,4062,14,236
2026-09-04T11:29:28.267,371.911,4063,12,237
2026-09-04T11:29:28.467,372.111,4063,13,237
2026-09-04T11:29:28.667,372.311,4062,14,236
2026-09-04T11:29:28.867,372.510,4062,12,237
2026-09-04T11:29:29.067,372.710,4063,13,237
2026-09-04T11:29:29.267,372.910,4063,14,237
2026-09-04T11:29:29.466,373.110,4062,13,237
2026-09-04T11:29:29.666,373.310,4063,14,236
2026-09-04T11:29:29.866,373.510,4063,15,237
2026-09-04T11:29:30.066,373.710,4063,13,236
2026-09-04T11:29:30.266,373.910,4063,15,237
2026-09-04T11:29:30.465,374.109,4063,13,236
2026-09-04T11:29:30.666,374.310,4063,13,237
2026-09-04T11:29:30.865,374.509,4062,11,236
2026-09-04T11:29:31.065,374.709,4063,14,237
2026-09-04T11:29:31.265,374.908,4063,12,236
2026-09-04T11:29:31.464,375.108,4063,13,236
2026-09-04T11:29:31.664,375.308,4063,14,236
2026-09-04T11:29:31.864,375.508,4062,13,236
2026-09-04T11:29:32.064,375.708,4063,13,236
2026-09-04T11:29:32.264,375.908,4062,14,237
2026-09-04T11:29:32.464,376.107,4063,13,236
2026-09-04T11:29:32.664,376.307,4063,13,236
2026-09-04T11:29:32.863,376.507,4062,15,236
2026-09-04T11:29:33.063,376.707,4062,13,237
2026-09-04T11:29:33.263,376.907,4063,12,236
2026-09-04T11:29:33.463,377.107,4063,13,236
2026-09-04T11:29:33.663,377.307,4063,13,236
2026-09-04T11:29:33.863,377.506,4062,11,236
2026-09-04T11:29:34.063,377.706,4063,14,237
2026-09-04T11:29:34.263,377.906,4063,12,236
2026-09-04T11:29:34.462,378.106,4063,13,236
2026-09-04T11:29:34.662,378.306,4062,14,236
2026-09-04T11:29:34.862,378.506,4063,12,236
2026-09-04T11:29:35.062,378.706,4063,13,236
2026-09-04T11:29:35.262,378.905,4063,14,237
2026-09-04T11:29:35.461,379.105,4063,13,236
2026-09-04T11:29:35.661,379.305,4063,14,236
2026-09-04T11:29:35.861,379.505,4063,14,236
2026-09-04T11:29:36.062,379.705,4063,13,237
2026-09-04T11:29:36.261,379.905,4063,12,236
2026-09-04T11:29:36.460,380.104,4063,13,236
2026-09-04T11:29:36.660,380.304,4063,13,236
2026-09-04T11:29:36.860,380.504,4063,11,237
2026-09-04T11:29:37.060,380.704,4062,14,236
2026-09-04T11:29:37.260,380.904,4063,12,236
2026-09-04T11:29:37.459,381.103,4063,13,236
2026-09-04T11:29:37.659,381.303,4062,14,237
2026-09-04T11:29:37.859,381.503,4063,12,236
2026-09-04T11:29:38.059,381.703,4062,14,237
2026-09-04T11:29:38.259,381.903,4063,14,236
2026-09-04T11:29:38.459,382.102,4063,15,236
2026-09-04T11:29:38.659,382.302,4063,14,236
2026-09-04T11:29:38.858,382.502,4063,14,237
2026-09-04T11:29:39.058,382.702,4063,13,236
2026-09-04T11:29:39.258,382.902,4063,12,236
2026-09-04T11:29:39.458,383.101,4063,13,236
2026-09-04T11:29:39.657,383.301,4063,13,237
2026-09-04T11:29:39.858,383.502,4065,11,236
2026-09-04T11:29:40.057,383.701,4065,15,236
2026-09-04T11:29:40.257,383.901,4063,13,236
2026-09-04T11:29:40.457,384.100,4063,13,236
2026-09-04T11:29:40.657,384.301,4063,14,236
2026-09-04T11:29:40.856,384.500,4065,12,236
2026-09-04T11:29:41.056,384.700,4062,14,236
2026-09-04T11:29:41.256,384.900,4063,14,236
2026-09-04T11:29:41.456,385.099,4063,15,236
2026-09-04T11:29:41.656,385.299,4062,14,237
2026-09-04T11:29:41.855,385.499,4063,14,236
2026-09-04T11:29:42.055,385.699,4063,13,237
2026-09-04T11:29:42.255,385.899,4063,12,236
2026-09-04T11:29:42.455,386.098,4062,13,237
2026-09-04T11:29:42.655,386.298,4063,13,236
2026-09-04T11:29:42.855,386.498,4063,14,236
2026-09-04T11:29:43.054,386.698,4063,15,236
2026-09-04T11:29:43.254,386.898,4063,13,236
2026-09-04T11:29:43.454,387.097,4063,13,236
2026-09-04T11:29:43.654,387.297,4063,14,237
2026-09-04T11:29:43.853,387.497,4063,12,236
2026-09-04T11:29:44.053,387.697,4062,14,237
2026-09-04T11:29:44.253,387.897,4063,14,236
2026-09-04T11:29:44.453,388.097,4063,16,237
2026-09-04T11:29:44.653,388.297,4063,12,236
2026-09-04T11:29:44.853,388.496,4063,15,237
2026-09-04T11:29:45.052,388.696,4063,13,236
2026-09-04T11:29:45.252,388.896,4063,13,237
2026-09-04T11:29:45.452,389.096,4062,13,236
2026-09-04T11:29:45.652,389.296,4063,12,236
2026-09-04T11:29:45.852,389.495,4063,13,237
2026-09-04T11:29:46.052,389.695,4062,13,237
2026-09-04T11:29:46.251,389.895,4063,15,236
2026-09-04T11:29:46.451,390.095,4063,13,237
2026-09-04T11:29:46.651,390.295,4063,15,236
2026-09-04T11:29:46.851,390.495,4063,14,237
2026-09-04T11:29:47.051,390.695,4062,14,236
2026-09-04T11:29:47.251,390.894,4063,11,236
2026-09-04T11:29:47.450,391.094,4063,13,236
2026-09-04T11:29:47.651,391.295,4063,13,236
2026-09-04T11:29:47.850,391.494,4063,11,237
2026-09-04T11:29:48.050,391.694,4063,14,237
2026-09-04T11:29:48.250,391.894,4063,12,236
2026-09-04T11:29:48.449,392.093,4062,13,236
2026-09-04T11:29:48.649,392.293,4063,14,237
2026-09-04T11:29:48.849,392.493,4063,13,236
2026-09-04T11:29:49.049,392.693,4062,14,237
2026-09-04T11:29:49.249,392.893,4062,14,236
2026-09-04T11:29:49.449,393.092,4063,15,237
2026-09-04T11:29:49.649,393.292,4063,14,236
2026-09-04T11:29:49.849,393.493,4063,14,237
2026-09-04T11:29:50.048,393.692,4063,15,236
2026-09-04T11:29:50.248,393.892,4063,12,237
2026-09-04T11:29:50.448,394.092,4063,15,236
2026-09-04T11:29:50.648,394.291,4063,13,237
2026-09-04T11:29:50.847,394.491,4063,12,237
2026-09-04T11:29:51.048,394.691,4063,13,236
2026-09-04T11:29:51.247,394.891,4065,12,237
2026-09-04T11:29:51.447,395.091,4063,13,237
2026-09-04T11:29:51.647,395.290,4063,13,237
2026-09-04T11:29:51.847,395.491,4063,15,237
2026-09-04T11:29:52.047,395.691,4063,14,236
2026-09-04T11:29:52.247,395.890,4063,15,237
2026-09-04T11:29:52.446,396.090,4063,14,237
2026-09-04T11:29:52.646,396.290,4063,14,237
2026-09-04T11:29:52.846,396.490,4065,11,236
2026-09-04T11:29:53.046,396.689,4063,14,237
2026-09-04T11:29:53.246,396.889,4065,12,236
2026-09-04T11:29:53.445,397.089,4065,12,237
2026-09-04T11:29:53.645,397.289,4063,14,237
2026-09-04T11:29:53.845,397.489,4063,12,236
2026-09-04T11:29:54.045,397.689,4063,14,237
2026-09-04T11:29:54.245,397.888,4065,13,237
2026-09-04T11:29:54.445,398.088,4063,13,237
2026-09-04T11:29:54.644,398.288,4063,14,237
2026-09-04T11:29:54.844,398.488,4063,14,236
2026-09-04T11:29:55.044,398.688,4063,16,237
2026-09-04T11:29:55.244,398.887,4063,13,237
2026-09-04T11:29:55.444,399.087,4063,15,237
2026-09-04T11:29:55.643,399.287,4065,14,236
2026-09-04T11:29:55.843,399.487,4062,13,237
2026-09-04T11:29:56.043,399.687,4063,14,237
2026-09-04T11:29:56.243,399.887,4065,12,237
2026-09-04T11:29:56.443,400.086,4063,12,237
2026-09-04T11:29:56.643,400.286,4063,13,237
2026-09-04T11:29:56.842,400.486,4063,15,237
2026-09-04T11:29:57.042,400.686,4063,13,237
2026-09-04T11:29:57.242,400.886,4063,15,237
2026-09-04T11:29:57.442,401.086,4063,14,237
2026-09-04T11:29:57.642,401.285,4063,14,237
2026-09-04T11:29:57.841,401.485,4063,14,237
2026-09-04T11:29:58.041,401.685,4065,13,237
2026-09-04T11:29:58.242,401.885,4063,15,237
2026-09-04T11:29:58.441,402.084,4063,11,237
2026-09-04T11:29:58.641,402.284,4063,15,237
2026-09-04T11:29:58.841,402.484,4063,12,237
2026-09-04T11:29:59.040,402.684,4062,13,237
2026-09-04T11:29:59.240,402.884,4063,14,236
2026-09-04T11:29:59.440,403.084,4063,12,237
2026-09-04T11:29:59.640,403.283,4063,13,237
2026-09-04T11:29:59.839,403.483,4063,14,236
2026-09-04T11:30:00.039,403.683,4063,13,237
2026-09-04T11:30:00.239,403.883,4063,14,236
2026-09-04T11:30:00.439,404.083,4063,15,237
2026-09-04T11:30:00.639,404.283,4063,14,236
2026-09-04T11:30:00.839,404.482,4063,15,237
2026-09-04T11:30:01.039,404.683,4062,14,236
2026-09-04T11:30:01.239,404.883,4063,12,237
2026-09-04T11:30:01.438,405.082,4063,12,236
2026-09-04T11:30:01.638,405.282,4063,13,237
2026-09-04T11:30:01.838,405.481,4063,12,236
2026-09-04T11:30:02.037,405.681,4063,13,236
2026-09-04T11:30:02.238,405.881,4063,14,236
2026-09-04T11:30:02.437,406.081,4063,13,236
2026-09-04T11:30:02.637,406.281,4063,13,236
2026-09-04T11:30:02.837,406.481,4065,14,237
2026-09-04T11:30:03.037,406.681,4065,12,236
2026-09-04T11:30:03.237,406.881,4065,14,236
2026-09-04T11:30:03.436,407.080,4063,14,236
2026-09-04T11:30:03.636,407.280,4063,16,236
2026-09-04T11:30:03.836,407.480,4063,12,235
2026-09-04T11:30:04.036,407.680,4065,14,236
2026-09-04T11:30:04.236,407.880,4063,13,236
2026-09-04T11:30:04.436,408.080,4063,12,236
2026-09-04T11:30:04.636,408.280,4063,13,235
2026-09-04T11:30:04.835,408.479,4063,12,235
2026-09-04T11:30:05.035,408.679,4065,13,236
2026-09-04T11:30:05.235,408.879,4063,13,236
2026-09-04T11:30:05.435,409.078,4065,15,235
2026-09-04T11:30:05.635,409.279,4065,13,236
2026-09-04T11:30:05.834,409.478,4063,15,235
2026-09-04T11:30:06.034,409.678,4065,14,236
2026-09-04T11:30:06.234,409.878,4063,14,235
2026-09-04T11:30:06.434,410.078,4063,11,235
2026-09-04T11:30:06.634,410.278,4063,14,235
2026-09-04T11:30:06.834,410.478,4063,12,235
2026-09-04T11:30:07.033,410.677,4063,11,235
2026-09-04T11:30:07.233,410.877,4065,14,236
2026-09-04T11:30:07.433,411.077,4065,12,235
2026-09-04T11:30:07.633,411.276,4063,13,235
2026-09-04T11:30:07.833,411.476,4063,14,235
2026-09-04T11:30:08.032,411.676,4063,12,235
2026-09-04T11:30:08.232,411.876,4065,13,236
2026-09-04T11:30:08.432,412.076,4063,14,235
2026-09-04T11:30:08.632,412.276,4065,15,235
2026-09-04T11:30:08.832,412.475,4063,14,235
2026-09-04T11:30:09.031,412.675,4065,14,236
2026-09-04T11:30:09.232,412.876,4065,15,235
2026-09-04T11:30:09.431,413.075,4065,13,235
2026-09-04T11:30:09.631,413.275,4063,14,235
2026-09-04T11:30:09.831,413.475,4065,12,235
2026-09-04T11:30:10.031,413.674,4063,12,235
2026-09-04T11:30:10.230,413.874,4063,13,235
2026-09-04T11:30:10.430,414.074,4063,12,235
2026-09-04T11:30:10.630,414.274,4065,13,235
2026-09-04T11:30:10.830,414.473,4063,15,235
2026-09-04T11:30:11.029,414.673,4063,14,235
2026-09-04T11:30:11.229,414.873,4063,14,235
2026-09-04T11:30:11.429,415.073,4063,14,235
2026-09-04T11:30:11.629,415.273,4063,13,235
2026-09-04T11:30:11.829,415.472,4063,15,234
2026-09-04T11:30:12.029,415.672,4063,11,235
2026-09-04T11:30:12.228,415.872,4063,16,234
2026-09-04T11:30:12.428,416.072,4065,12,235
2026-09-04T11:30:12.628,416.272,4063,14,235
2026-09-04T11:30:12.828,416.472,4063,13,234
2026-09-04T11:30:13.028,416.671,4065,13,234
2026-09-04T11:30:13.227,416.871,4065,13,234
2026-09-04T11:30:13.428,417.072,4063,15,234
2026-09-04T11:30:13.627,417.271,4063,14,234
2026-09-04T11:30:13.827,417.471,4063,15,234
2026-09-04T11:30:14.027,417.671,4063,15,234
2026-09-04T11:30:14.226,417.870,4065,14,234
2026-09-04T11:30:14.427,418.070,4063,14,234
2026-09-04T11:30:14.626,418.270,4063,14,234
2026-09-04T11:30:14.826,418.470,4065,14,233
2026-09-04T11:30:15.026,418.670,4063,12,234
2026-09-04T11:30:15.226,418.869,4063,14,234
2026-09-04T11:30:15.425,419.069,4063,12,234
2026-09-04T11:30:15.625,419.269,4065,13,234
2026-09-04T11:30:15.825,419.469,4063,13,234
2026-09-04T11:30:16.025,419.669,4065,13,234
2026-09-04T11:30:16.225,419.868,4063,13,234
2026-09-04T11:30:16.425,420.069,4063,15,234
2026-09-04T11:30:16.625,420.268,4065,13,234
2026-09-04T11:30:16.824,420.468,4065,15,234
2026-09-04T11:30:17.024,420.668,4063,14,234
2026-09-04T11:30:17.224,420.867,4063,14,234
2026-09-04T11:30:17.423,421.067,4063,12,233
2026-09-04T11:30:17.623,421.267,4063,14,234
2026-09-04T11:30:17.823,421.467,4065,12,234
2026-09-04T11:30:18.023,421.667,4063,12,234
2026-09-04T11:30:18.223,421.866,4063,14,234
2026-09-04T11:30:18.422,422.066,4065,12,234
2026-09-04T11:30:18.622,422.266,4063,13,233
2026-09-04T11:30:18.822,422.466,4063,13,234
2026-09-04T11:30:19.022,422.665,4065,13,234
2026-09-04T11:30:19.222,422.865,4063,13,234
2026-09-04T11:30:19.422,423.066,4065,15,233
2026-09-04T11:30:19.622,423.265,4065,14,234
2026-09-04T11:30:19.821,423.465,4065,15,234
2026-09-04T11:30:20.021,423.665,4065,14,234
2026-09-04T11:30:20.221,423.864,4063,14,233
2026-09-04T11:30:20.420,424.064,4065,12,234
2026-09-04T11:30:20.620,424.264,4063,13,234
2026-09-04T11:30:20.820,424.463,4063,13,234
2026-09-04T11:30:21.020,424.663,4065,11,234
2026-09-04T11:30:21.220,424.863,4065,14,233
2026-09-04T11:30:21.419,425.063,4065,13,234
2026-09-04T11:30:21.619,425.263,4065,13,234
2026-09-04T11:30:21.819,425.463,4065,14,234
2026-09-04T11:30:22.019,425.662,4065,13,234
2026-09-04T11:30:22.219,425.862,4063,14,234
2026-09-04T11:30:22.419,426.062,4065,14,234
2026-09-04T11:30:22.618,426.262,4065,15,234
2026-09-04T11:30:22.818,426.462,4065,14,234
2026-09-04T11:30:23.018,426.661,4065,15,233
2026-09-04T11:30:23.217,426.861,4063,14,234
2026-09-04T11:30:23.418,427.062,4063,12,234
2026-09-04T11:30:23.617,427.261,4063,13,234
2026-09-04T11:30:23.817,427.461,4065,12,234
2026-09-04T11:30:24.017,427.661,4063,13,233
2026-09-04T11:30:24.217,427.860,4065,13,234
2026-09-04T11:30:24.417,428.061,4063,15,234
2026-09-04T11:30:24.617,428.260,4063,13,234
2026-09-04T11:30:24.816,428.460,4063,15,234
2026-09-04T11:30:25.016,428.660,4065,13,234
2026-09-04T11:30:25.216,428.860,4065,14,234
2026-09-04T11:30:25.415,429.059,4065,14,234
2026-09-04T11:30:25.616,429.259,4063,15,234
2026-09-04T11:30:25.815,429.459,4063,12,234
2026-09-04T11:30:26.015,429.659,4065,13,234
2026-09-04T11:30:26.215,429.858,4063,14,234
2026-09-04T11:30:26.415,430.058,4063,12,235
2026-09-04T11:30:26.614,430.258,4065,13,234
2026-09-04T11:30:26.814,430.458,4063,13,233
2026-09-04T11:30:27.014,430.658,4063,13,234
2026-09-04T11:30:27.214,430.858,4063,12,234
2026-09-04T11:30:27.414,431.057,4065,15,234
2026-09-04T11:30:27.613,431.257,4063,13,234
2026-09-04T11:30:27.813,431.457,4063,15,234
2026-09-04T11:30:28.014,431.657,4065,14,234
2026-09-04T11:30:28.213,431.857,4065,13,235
2026-09-04T11:30:28.413,432.056,4065,12,234
2026-09-04T11:30:28.612,432.256,4065,13,234
2026-09-04T11:30:28.812,432.456,4065,12,234
2026-09-04T11:30:29.012,432.656,4065,11,235
2026-09-04T11:30:29.212,432.856,4063,14,234
2026-09-04T11:30:29.412,433.055,4065,12,234
2026-09-04T11:30:29.611,433.255,4065,13,234
2026-09-04T11:30:29.811,433.455,4065,14,234
2026-09-04T11:30:30.011,433.655,4065,12,234
2026-09-04T11:30:30.211,433.855,4065,15,234
2026-09-04T11:30:30.411,434.054,4063,14,234
2026-09-04T11:30:30.610,434.254,4065,15,234
2026-09-04T11:30:30.810,434.454,4065,14,234
2026-09-04T11:30:31.010,434.654,4066,13,234
2026-09-04T11:30:31.210,434.854,4065,15,234
2026-09-04T11:30:31.410,435.053,4063,12,234
2026-09-04T11:30:31.610,435.254,4065,14,234
2026-09-04T11:30:31.810,435.453,4065,12,234
2026-09-04T11:30:32.009,435.653,4063,12,234
2026-09-04T11:30:32.209,435.853,4065,13,234
2026-09-04T11:30:32.409,436.052,4063,15,234
2026-09-04T11:30:32.609,436.252,4065,14,234
2026-09-04T11:30:32.808,436.452,4065,14,235
2026-09-04T11:30:33.008,436.652,4065,15,234
2026-09-04T11:30:33.208,436.852,4065,13,234
2026-09-04T11:30:33.408,437.052,4065,15,234
2026-09-04T11:30:33.608,437.251,4063,13,234
2026-09-04T11:30:33.807,437.451,4063,14,234
2026-09-04T11:30:34.007,437.651,4065,11,234
2026-09-04T11:30:34.207,437.850,4065,14,234
2026-09-04T11:30:34.407,438.051,4065,12,235
2026-09-04T11:30:34.606,438.250,4063,13,234
2026-09-04T11:30:34.806,438.450,4065,14,234
2026-09-04T11:30:35.006,438.650,4065,12,234
2026-09-04T11:30:35.206,438.849,4065,13,234
2026-09-04T11:30:35.406,439.049,4065,14,235
2026-09-04T11:30:35.605,439.249,4065,13,234
2026-09-04T11:30:35.805,439.449,4065,14,235
2026-09-04T11:30:36.005,439.649,4065,15,234
2026-09-04T11:30:36.205,439.848,4066,15,235
2026-09-04T11:30:36.404,440.048,4065,12,234
2026-09-04T11:30:36.604,440.248,4065,14,235
2026-09-04T11:30:36.804,440.448,4065,12,234
2026-09-04T11:30:37.004,440.648,4065,12,235
2026-09-04T11:30:37.204,440.848,4063,13,234
2026-09-04T11:30:37.404,441.047,4065,12,234
2026-09-04T11:30:37.603,441.247,4065,13,235
2026-09-04T11:30:37.803,441.447,4065,14,235
2026-09-04T11:30:38.003,441.647,4065,15,234
2026-09-04T11:30:38.203,441.847,4065,13,235
2026-09-04T11:30:38.403,442.046,4065,15,235
2026-09-04T11:30:38.602,442.246,4063,13,235
2026-09-04T11:30:38.802,442.446,4065,14,235
2026-09-04T11:30:39.002,442.646,4065,11,234
2026-09-04T11:30:39.202,442.845,4065,14,235
2026-09-04T11:30:39.401,443.045,4065,12,235
2026-09-04T11:30:39.601,443.245,4065,12,235
2026-09-04T11:30:39.802,443.445,4065,14,235
2026-09-04T11:30:40.001,443.645,4065,12,235
2026-09-04T11:30:40.201,443.845,4065,13,235
2026-09-04T11:30:40.400,444.044,4065,14,235
2026-09-04T11:30:40.600,444.244,4065,13,235
2026-09-04T11:30:40.800,444.444,4063,14,235
2026-09-04T11:30:41.000,444.644,4065,14,235
2026-09-04T11:30:41.200,444.844,4065,16,235
2026-09-04T11:30:41.400,445.043,4065,13,236
2026-09-04T11:30:41.599,445.243,4065,15,235
2026-09-04T11:30:41.800,445.444,4063,14,235
2026-09-04T11:30:41.999,445.643,4065,12,235
2026-09-04T11:30:42.199,445.843,4065,14,235
2026-09-04T11:30:42.399,446.042,4065,12,235
2026-09-04T11:30:42.598,446.242,4065,13,235
2026-09-04T11:30:42.798,446.442,4065,13,235
2026-09-04T11:30:42.998,446.642,4065,15,236
2026-09-04T11:30:43.198,446.841,4065,13,235
2026-09-04T11:30:43.398,447.042,4065,15,236
2026-09-04T11:30:43.597,447.241,4063,14,235
2026-09-04T11:30:43.797,447.441,4063,14,236
2026-09-04T11:30:43.997,447.641,4065,15,236
2026-09-04T11:30:44.197,447.841,4063,13,236
2026-09-04T11:30:44.397,448.040,4065,15,235
2026-09-04T11:30:44.597,448.240,4065,11,236
2026-09-04T11:30:44.796,448.440,4065,15,236
2026-09-04T11:30:44.996,448.640,4065,12,236
2026-09-04T11:30:45.197,448.840,4063,13,236
2026-09-04T11:30:45.396,449.040,4065,14,235
2026-09-04T11:30:45.596,449.239,4065,12,236
2026-09-04T11:30:45.795,449.439,4063,13,236
2026-09-04T11:30:45.995,449.639,4065,14,235
2026-09-04T11:30:46.195,449.839,4063,13,236
2026-09-04T11:30:46.395,450.039,4065,14,235
2026-09-04T11:30:46.595,450.239,4065,15,236
2026-09-04T11:30:46.795,450.438,4066,14,236
2026-09-04T11:30:46.994,450.638,4065,15,236
2026-09-04T11:30:47.194,450.838,4063,14,235
2026-09-04T11:30:47.394,451.038,4065,12,236
2026-09-04T11:30:47.594,451.238,4065,12,236
2026-09-04T11:30:47.794,451.437,4065,13,236
2026-09-04T11:30:47.994,451.637,4065,13,236
2026-09-04T11:30:48.193,451.837,4065,13,235
2026-09-04T11:30:48.393,452.037,4063,14,236
2026-09-04T11:30:48.593,452.236,4065,14,236
2026-09-04T11:30:48.793,452.436,4065,13,236
2026-09-04T11:30:48.992,452.636,4063,15,235
2026-09-04T11:30:49.192,452.836,4065,13,236
2026-09-04T11:30:49.392,453.036,4065,15,236
2026-09-04T11:30:49.592,453.235,4063,11,236
2026-09-04T11:30:49.791,453.435,4065,15,235
2026-09-04T11:30:49.991,453.635,4065,12,236
2026-09-04T11:30:50.191,453.835,4065,13,236
2026-09-04T11:30:50.391,454.035,4065,14,236
2026-09-04T11:30:50.591,454.235,4065,12,236
2026-09-04T11:30:50.791,454.434,4063,13,235
2026-09-04T11:30:50.990,454.634,4065,12,236
2026-09-04T11:30:51.190,454.834,4065,13,235
2026-09-04T11:30:51.390,455.034,4063,13,236
2026-09-04T11:30:51.590,455.233,4063,15,235
2026-09-04T11:30:51.790,455.433,4065,14,236
2026-09-04T11:30:51.989,455.633,4066,14,236
2026-09-04T11:30:52.189,455.833,4065,13,236
2026-09-04T11:30:52.389,456.033,4065,13,235
2026-09-04T11:30:52.589,456.233,4065,12,236
2026-09-04T11:30:52.789,456.433,4065,13,235
2026-09-04T11:30:52.989,456.632,4065,13,236
2026-09-04T11:30:53.189,456.832,4065,12,235
2026-09-04T11:30:53.388,457.032,4065,14,235
2026-09-04T11:30:53.588,457.232,4065,14,235
2026-09-04T11:30:53.788,457.431,4065,13,235
2026-09-04T11:30:53.988,457.631,4065,14,235
2026-09-04T11:30:54.188,457.831,4065,12,236
2026-09-04T11:30:54.387,458.031,4065,15,235
2026-09-04T11:30:54.587,458.231,4065,14,235
2026-09-04T11:30:54.787,458.431,4063,16,235
2026-09-04T11:30:54.987,458.631,4065,13,236
2026-09-04T11:30:55.187,458.831,4065,15,235
2026-09-04T11:30:55.386,459.030,4065,13,235
2026-09-04T11:30:55.586,459.230,4065,12,235
2026-09-04T11:30:55.786,459.430,4065,13,235
2026-09-04T11:30:55.986,459.630,4065,12,236
2026-09-04T11:30:56.186,459.830,4063,13,235
2026-09-04T11:30:56.385,460.029,4065,13,234
2026-09-04T11:30:56.585,460.229,4065,14,235
2026-09-04T11:30:56.785,460.429,4066,13,235
2026-09-04T11:30:56.985,460.629,4063,15,235
2026-09-04T11:30:57.185,460.829,4065,13,235
2026-09-04T11:30:57.385,461.028,4063,15,235
2026-09-04T11:30:57.585,461.228,4065,14,235
2026-09-04T11:30:57.784,461.428,4065,15,236
2026-09-04T11:30:57.984,461.628,4066,14,235
2026-09-04T11:30:58.184,461.828,4063,13,235
2026-09-04T11:30:58.384,462.027,4065,14,235
2026-09-04T11:30:58.584,462.227,4066,12,235
2026-09-04T11:30:58.783,462.427,4066,13,235
2026-09-04T11:30:58.983,462.627,4065,12,235
2026-09-04T11:30:59.183,462.827,4065,13,235
2026-09-04T11:30:59.383,463.026,4065,12,235
2026-09-04T11:30:59.582,463.226,4065,15,235
2026-09-04T11:30:59.782,463.426,4065,14,236
2026-09-04T11:30:59.982,463.626,4066,14,235
2026-09-04T11:31:00.182,463.826,4065,15,235
2026-09-04T11:31:00.382,464.026,4065,13,235
2026-09-04T11:31:00.582,464.225,4065,12,235
2026-09-04T11:31:00.782,464.425,4065,13,235
2026-09-04T11:31:00.981,464.625,4065,13,235
2026-09-04T11:31:01.181,464.825,4063,11,235
2026-09-04T11:31:01.381,465.025,4065,14,236
2026-09-04T11:31:01.581,465.225,4065,13,235
2026-09-04T11:31:01.781,465.424,4065,13,235
2026-09-04T11:31:01.980,465.624,4066,14,235
2026-09-04T11:31:02.180,465.824,4065,13,235
2026-09-04T11:31:02.380,466.024,4065,13,236
2026-09-04T11:31:02.580,466.223,4063,13,235
2026-09-04T11:31:02.779,466.423,4065,16,236
2026-09-04T11:31:02.980,466.623,4065,14,235
2026-09-04T11:31:03.179,466.823,4065,14,236
2026-09-04T11:31:03.379,467.023,4065,15,235
2026-09-04T11:31:03.579,467.223,4065,13,236
2026-09-04T11:31:03.779,467.422,4065,14,235
2026-09-04T11:31:03.979,467.622,4066,12,236
2026-09-04T11:31:04.178,467.822,4066,12,235
2026-09-04T11:31:04.378,468.022,4063,13,235
2026-09-04T11:31:04.578,468.222,4065,13,235
2026-09-04T11:31:04.778,468.421,4065,13,236
2026-09-04T11:31:04.977,468.621,4065,15,235
2026-09-04T11:31:05.177,468.821,4065,14,236
2026-09-04T11:31:05.377,469.021,4066,14,235
2026-09-04T11:31:05.577,469.221,4065,14,236
2026-09-04T11:31:05.777,469.420,4065,13,236
2026-09-04T11:31:05.976,469.620,4065,15,235
2026-09-04T11:31:06.176,469.820,4065,11,236
2026-09-04T11:31:06.376,470.020,4065,16,235
2026-09-04T11:31:06.576,470.219,4065,12,236
2026-09-04T11:31:06.776,470.419,4065,14,236
2026-09-04T11:31:06.975,470.619,4065,13,235
2026-09-04T11:31:07.175,470.819,4065,13,235
2026-09-04T11:31:07.375,471.019,4066,13,236
2026-09-04T11:31:07.575,471.218,4065,15,236
2026-09-04T11:31:07.775,471.418,4065,13,236
2026-09-04T11:31:07.974,471.618,4065,14,235
2026-09-04T11:31:08.174,471.818,4065,15,236
2026-09-04T11:31:08.374,472.018,4065,14,236
2026-09-04T11:31:08.574,472.217,4065,15,236
2026-09-04T11:31:08.774,472.417,4065,14,235
2026-09-04T11:31:08.973,472.617,4065,12,236
2026-09-04T11:31:09.173,472.817,4065,12,235
2026-09-04T11:31:09.373,473.017,4066,13,236
2026-09-04T11:31:09.573,473.216,4065,13,236
2026-09-04T11:31:09.773,473.416,4065,13,235
2026-09-04T11:31:09.972,473.616,4065,14,236
2026-09-04T11:31:10.172,473.816,4066,15,236
2026-09-04T11:31:10.372,474.016,4065,13,236
2026-09-04T11:31:10.572,474.215,4065,15,236
2026-09-04T11:31:10.772,474.415,4065,13,236
2026-09-04T11:31:10.972,474.615,4065,14,236
2026-09-04T11:31:11.171,474.815,4066,11,236
2026-09-04T11:31:11.371,475.015,4065,14,235
2026-09-04T11:31:11.571,475.215,4066,12,236
2026-09-04T11:31:11.771,475.414,4065,12,236
2026-09-04T11:31:11.971,475.614,4065,14,236
2026-09-04T11:31:12.170,475.814,4065,12,236
2026-09-04T11:31:12.370,476.014,4065,13,235
2026-09-04T11:31:12.570,476.214,4065,14,236
2026-09-04T11:31:12.770,476.413,4065,13,236
2026-09-04T11:31:12.969,476.613,4066,13,235
2026-09-04T11:31:13.169,476.813,4065,14,236
2026-09-04T11:31:13.369,477.013,4065,15,236
2026-09-04T11:31:13.569,477.212,4065,13,236
2026-09-04T11:31:13.769,477.413,4065,14,236
2026-09-04T11:31:13.969,477.613,4065,14,235
2026-09-04T11:31:14.168,477.812,4065,12,236
2026-09-04T11:31:14.368,478.012,4065,14,236
2026-09-04T11:31:14.568,478.212,4065,12,236
2026-09-04T11:31:14.768,478.411,4065,12,236
2026-09-04T11:31:14.968,478.611,4065,13,236
2026-09-04T11:31:15.167,478.811,4065,13,236
2026-09-04T11:31:15.367,479.011,4065,13,236
2026-09-04T11:31:15.567,479.211,4065,15,236
2026-09-04T11:31:15.767,479.410,4065,13,236
2026-09-04T11:31:15.966,479.610,4066,14,236
2026-09-04T11:31:16.167,479.810,4065,14,236
2026-09-04T11:31:16.366,480.010,4066,15,236
2026-09-04T11:31:16.566,480.210,4065,14,237
2026-09-04T11:31:16.766,480.410,4065,13,236
2026-09-04T11:31:16.966,480.609,4065,15,236
2026-09-04T11:31:17.166,480.809,4066,13,236
2026-09-04T11:31:17.365,481.009,4065,14,236
2026-09-04T11:31:17.565,481.209,4066,12,237
2026-09-04T11:31:17.765,481.409,4065,12,236
2026-09-04T11:31:17.965,481.609,4065,14,236
2026-09-04T11:31:18.165,481.809,4066,15,236
2026-09-04T11:31:18.365,482.008,4065,14,236
2026-09-04T11:31:18.564,482.208,4063,15,236
2026-09-04T11:31:18.764,482.408,4065,13,236
2026-09-04T11:31:18.964,482.608,4065,14,235
2026-09-04T11:31:19.164,482.808,4066,14,236
2026-09-04T11:31:19.364,483.007,4066,15,236
2026-09-04T11:31:19.563,483.207,4065,14,236
2026-09-04T11:31:19.763,483.407,4065,14,235
2026-09-04T11:31:19.963,483.607,4065,14,236
2026-09-04T11:31:20.163,483.807,4065,13,236
2026-09-04T11:31:20.363,484.006,4065,13,236
2026-09-04T11:31:20.563,484.206,4066,12,235
2026-09-04T11:31:20.762,484.406,4065,13,235
2026-09-04T11:31:20.962,484.606,4065,13,235
2026-09-04T11:31:21.162,484.806,4066,16,235
2026-09-04T11:31:21.362,485.006,4065,13,236
2026-09-04T11:31:21.562,485.205,4065,15,235
2026-09-04T11:31:21.761,485.405,4065,15,235
2026-09-04T11:31:21.962,485.605,4066,13,235
2026-09-04T11:31:22.161,485.805,4066,15,236
2026-09-04T11:31:22.361,486.005,4065,13,235
2026-09-04T11:31:22.561,486.205,4065,12,236
2026-09-04T11:31:22.761,486.404,4066,12,235
2026-09-04T11:31:22.960,486.604,4065,13,235
2026-09-04T11:31:23.161,486.804,4065,12,235
2026-09-04T11:31:23.360,487.004,4066,13,235
2026-09-04T11:31:23.560,487.204,4065,14,234
2026-09-04T11:31:23.760,487.404,4065,13,235
2026-09-04T11:31:23.960,487.603,4065,13,235
2026-09-04T11:31:24.160,487.803,4065,13,235
2026-09-04T11:31:24.359,488.003,4065,13,235
2026-09-04T11:31:24.559,488.203,4065,14,235
2026-09-04T11:31:24.759,488.403,4065,14,235
2026-09-04T11:31:24.959,488.602,4065,15,236
2026-09-04T11:31:25.159,488.803,4066,12,235
2026-09-04T11:31:25.359,489.002,4065,15,235
2026-09-04T11:31:25.558,489.202,4065,13,235
2026-09-04T11:31:25.758,489.402,4066,12,236
2026-09-04T11:31:25.958,489.602,4066,13,235
2026-09-04T11:31:26.158,489.801,4065,12,235
2026-09-04T11:31:26.357,490.001,4065,14,235
2026-09-04T11:31:26.557,490.201,4065,13,235
2026-09-04T11:31:26.757,490.401,4065,15,235
2026-09-04T11:31:26.957,490.601,4065,13,235
2026-09-04T11:31:27.157,490.801,4065,15,234
2026-09-04T11:31:27.356,491.000,4065,13,235
2026-09-04T11:31:27.556,491.200,4065,15,235
2026-09-04T11:31:27.756,491.400,4065,11,235
2026-09-04T11:31:27.956,491.600,4065,16,234
2026-09-04T11:31:28.156,491.800,4065,12,235
2026-09-04T11:31:28.356,492.000,4065,14,234
2026-09-04T11:31:28.555,492.199,4066,13,235
2026-09-04T11:31:28.755,492.399,4065,12,234
2026-09-04T11:31:28.955,492.599,4065,13,234
2026-09-04T11:31:29.155,492.799,4065,12,234
2026-09-04T11:31:29.356,493.000,4065,14,235
2026-09-04T11:31:29.554,493.198,4066,14,234
2026-09-04T11:31:29.754,493.398,4065,15,235
2026-09-04T11:31:29.955,493.598,4065,13,234
2026-09-04T11:31:30.154,493.798,4065,15,235
2026-09-04T11:31:30.354,493.997,4065,13,234
2026-09-04T11:31:30.554,494.197,4065,14,235
2026-09-04T11:31:30.753,494.397,4065,11,234
2026-09-04T11:31:30.953,494.597,4065,15,234
2026-09-04T11:31:31.153,494.797,4066,12,234
2026-09-04T11:31:31.353,494.997,4065,13,235
2026-09-04T11:31:31.553,495.196,4065,14,234
2026-09-04T11:31:31.753,495.396,4065,12,234
2026-09-04T11:31:31.952,495.596,4065,13,234
2026-09-04T11:31:32.152,495.796,4065,15,235
2026-09-04T11:31:32.352,495.996,4066,14,234
2026-09-04T11:31:32.552,496.195,4066,15,235
2026-09-04T11:31:32.752,496.395,4065,15,234
2026-09-04T11:31:32.951,496.595,4066,14,235
2026-09-04T11:31:33.151,496.795,4065,14,234
2026-09-04T11:31:33.351,496.995,4066,14,235
2026-09-04T11:31:33.551,497.194,4065,14,234
2026-09-04T11:31:33.751,497.394,4065,13,235
2026-09-04T11:31:33.951,497.594,4065,15,234
2026-09-04T11:31:34.150,497.794,4066,12,235
2026-09-04T11:31:34.350,497.994,4065,13,235
2026-09-04T11:31:34.550,498.194,4065,12,234
2026-09-04T11:31:34.750,498.394,4065,14,234
2026-09-04T11:31:34.950,498.594,4065,13,234
2026-09-04T11:31:35.150,498.793,4065,15,235
2026-09-04T11:31:35.349,498.993,4065,13,234
2026-09-04T11:31:35.549,499.193,4066,15,234
2026-09-04T11:31:35.749,499.393,4066,12,234
2026-09-04T11:31:35.949,499.592,4065,14,235
2026-09-04T11:31:36.149,499.792,4066,14,234
2026-09-04T11:31:36.348,499.992,4065,16,234
2026-09-04T11:31:36.548,500.192,4066,12,234
2026-09-04T11:31:36.748,500.392,4065,14,234
2026-09-04T11:31:36.948,500.592,4066,13,234
2026-09-04T11:31:37.148,500.791,4066,12,235
2026-09-04T11:31:37.347,500.991,4065,13,234
2026-09-04T11:31:37.547,501.191,4065,12,234
2026-09-04T11:31:37.747,501.391,4066,13,235
2026-09-04T11:31:37.947,501.591,4065,14,235
2026-09-04T11:31:38.147,501.790,4065,15,234
2026-09-04T11:31:38.346,501.990,4065,13,234
2026-09-04T11:31:38.546,502.190,4065,15,234
2026-09-04T11:31:38.746,502.390,4066,13,234
2026-09-04T11:31:38.946,502.590,4065,14,235
2026-09-04T11:31:39.146,502.789,4065,11,234
2026-09-04T11:31:39.346,502.989,4065,15,235
2026-09-04T11:31:39.545,503.189,4066,12,234
2026-09-04T11:31:39.745,503.389,4065,13,235
2026-09-04T11:31:39.945,503.589,4065,14,235
2026-09-04T11:31:40.145,503.788,4066,12,234
2026-09-04T11:31:40.344,503.988,4065,13,234
2026-09-04T11:31:40.544,504.188,4066,12,235
2026-09-04T11:31:40.744,504.388,4066,13,234
2026-09-04T11:31:40.944,504.588,4065,13,235
2026-09-04T11:31:41.144,504.787,4065,15,234
2026-09-04T11:31:41.344,504.988,4065,14,235
2026-09-04T11:31:41.543,505.187,4065,14,234
2026-09-04T11:31:41.743,505.387,4065,14,235
2026-09-04T11:31:41.943,505.587,4066,13,234
2026-09-04T11:31:42.143,505.787,4065,12,235
2026-09-04T11:31:42.343,505.986,4065,13,234
2026-09-04T11:31:42.542,506.186,4065,12,235
2026-09-04T11:31:42.742,506.386,4065,11,234
2026-09-04T11:31:42.942,506.586,4065,13,234
2026-09-04T11:31:43.142,506.786,4066,15,235
2026-09-04T11:31:43.342,506.986,4065,13,235
2026-09-04T11:31:43.542,507.185,4065,15,235
2026-09-04T11:31:43.742,507.385,4066,13,235
2026-09-04T11:31:43.941,507.585,4066,14,234
2026-09-04T11:31:44.141,507.785,4065,14,235
2026-09-04T11:31:44.341,507.985,4065,14,235
2026-09-04T11:31:44.541,508.184,4065,14,234
2026-09-04T11:31:44.741,508.384,4065,12,235
2026-09-04T11:31:44.940,508.584,4066,16,235
2026-09-04T11:31:45.140,508.784,4065,12,235
2026-09-04T11:31:45.340,508.984,4066,14,235
2026-09-04T11:31:45.540,509.183,4066,14,234
2026-09-04T11:31:45.740,509.383,4065,12,234
2026-09-04T11:31:45.940,509.583,4066,13,235
2026-09-04T11:31:46.139,509.783,4066,14,235
2026-09-04T11:31:46.339,509.983,4066,13,235
2026-09-04T11:31:46.539,510.182,4065,14,234
2026-09-04T11:31:46.739,510.382,4066,16,235
2026-09-04T11:31:46.938,510.582,4065,14,235
2026-09-04T11:31:47.138,510.782,4065,15,235
2026-09-04T11:31:47.338,510.982,4065,13,234
2026-09-04T11:31:47.538,511.181,4065,14,235
2026-09-04T11:31:47.738,511.382,4065,11,235
2026-09-04T11:31:47.938,511.582,4065,13,235
2026-09-04T11:31:48.137,511.781,4066,12,235
2026-09-04T11:31:48.337,511.981,4066,13,235
2026-09-04T11:31:48.537,512.180,4065,14,235
2026-09-04T11:31:48.737,512.380,4066,13,235
2026-09-04T11:31:48.936,512.580,4066,13,235
2026-09-04T11:31:49.136,512.780,4066,14,235
2026-09-04T11:31:49.336,512.980,4065,12,234
2026-09-04T11:31:49.536,513.180,4066,14,235
2026-09-04T11:31:49.736,513.379,4065,14,235
2026-09-04T11:31:49.936,513.579,4066,16,235
2026-09-04T11:31:50.135,513.779,4066,12,235
2026-09-04T11:31:50.335,513.979,4065,13,235
2026-09-04T11:31:50.535,514.179,4066,14,235
2026-09-04T11:31:50.735,514.378,4066,12,236
2026-09-04T11:31:50.935,514.578,4066,13,235
2026-09-04T11:31:51.135,514.779,4066,12,234
2026-09-04T11:31:51.334,514.978,4066,13,235
2026-09-04T11:31:51.534,515.178,4066,13,235
2026-09-04T11:31:51.734,515.378,4066,15,235
2026-09-04T11:31:51.934,515.578,4065,13,235
2026-09-04T11:31:52.134,515.777,4065,15,235
2026-09-04T11:31:52.334,515.977,4065,13,235
2026-09-04T11:31:52.533,516.177,4065,14,236
2026-09-04T11:31:52.733,516.377,4066,11,235
2026-09-04T11:31:52.933,516.577,4065,14,235
2026-09-04T11:31:53.133,516.777,4065,12,235
2026-09-04T11:31:53.332,516.976,4065,12,236
2026-09-04T11:31:53.532,517.176,4065,14,235
2026-09-04T11:31:53.732,517.376,4066,12,235
2026-09-04T11:31:53.932,517.576,4065,13,236
2026-09-04T11:31:54.132,517.776,4065,14,236
2026-09-04T11:31:54.331,517.975,4065,13,235
2026-09-04T11:31:54.531,518.175,4065,14,236
2026-09-04T11:31:54.732,518.376,4065,14,236
2026-09-04T11:31:54.931,518.575,4065,15,236
2026-09-04T11:31:55.131,518.775,4065,14,236
2026-09-04T11:31:55.331,518.974,4065,15,236
2026-09-04T11:31:55.530,519.174,4065,13,235
2026-09-04T11:31:55.730,519.374,4065,12,236
2026-09-04T11:31:55.930,519.574,4066,14,236
2026-09-04T11:31:56.130,519.774,4066,12,236
2026-09-04T11:31:56.330,519.973,4066,11,236
2026-09-04T11:31:56.529,520.173,4065,13,236
2026-09-04T11:31:56.729,520.373,4065,15,236
2026-09-04T11:31:56.929,520.573,4066,13,236
2026-09-04T11:31:57.129,520.773,4065,16,236
2026-09-04T11:31:57.329,520.973,4066,13,236
2026-09-04T11:31:57.528,521.172,4066,14,236
2026-09-04T11:31:57.728,521.372,4066,14,236
2026-09-04T11:31:57.928,521.572,4066,14,236
2026-09-04T11:31:58.128,521.772,4065,15,236
2026-09-04T11:31:58.328,521.972,4066,12,236
2026-09-04T11:31:58.528,522.171,4065,16,236
2026-09-04T11:31:58.727,522.371,4066,12,236
2026-09-04T11:31:58.927,522.571,4066,14,236
2026-09-04T11:31:59.127,522.771,4065,13,236
2026-09-04T11:31:59.327,522.971,4066,13,235
2026-09-04T11:31:59.527,523.171,4066,13,236
2026-09-04T11:31:59.727,523.371,4066,14,236
2026-09-04T11:31:59.926,523.570,4066,13,236
2026-09-04T11:32:00.127,523.771,4065,14,236
2026-09-04T11:32:00.326,523.970,4065,15,236
2026-09-04T11:32:00.526,524.170,4066,14,236
2026-09-04T11:32:00.726,524.369,4065,15,236
2026-09-04T11:32:00.925,524.569,4066,14,235
2026-09-04T11:32:01.126,524.769,4066,13,236
2026-09-04T11:32:01.325,524.969,4066,12,236
2026-09-04T11:32:01.525,525.169,4066,13,236
2026-09-04T11:32:01.725,525.369,4066,12,236
2026-09-04T11:32:01.924,525.568,4065,13,235
2026-09-04T11:32:02.124,525.768,4066,13,236
2026-09-04T11:32:02.324,525.968,4065,15,236
2026-09-04T11:32:02.524,526.168,4066,13,236
2026-09-04T11:32:02.724,526.367,4066,15,236
2026-09-04T11:32:02.924,526.568,4066,14,236
2026-09-04T11:32:03.124,526.767,4066,14,236
2026-09-04T11:32:03.323,526.967,4066,15,236
2026-09-04T11:32:03.523,527.167,4065,13,235
2026-09-04T11:32:03.723,527.367,4066,13,236
2026-09-04T11:32:03.923,527.567,4066,11,235
2026-09-04T11:32:04.123,527.766,4065,14,236
2026-09-04T11:32:04.322,527.966,4066,13,235
2026-09-04T11:32:04.522,528.166,4066,13,235
2026-09-04T11:32:04.722,528.366,4066,14,236
2026-09-04T11:32:04.922,528.566,4065,12,236
2026-09-04T11:32:05.122,528.765,4065,13,235
2026-09-04T11:32:05.322,528.965,4066,14,236
2026-09-04T11:32:05.521,529.165,4065,13,235
2026-09-04T11:32:05.721,529.365,4066,14,235
2026-09-04T11:32:05.921,529.565,4065,13,235
2026-09-04T11:32:06.121,529.765,4065,15,235
2026-09-04T11:32:06.321,529.965,4066,12,235
2026-09-04T11:32:06.520,530.164,4065,14,235
2026-09-04T11:32:06.720,530.364,4065,12,235
2026-09-04T11:32:06.920,530.564,4066,12,236
2026-09-04T11:32:07.120,530.764,4066,13,235
2026-09-04T11:32:07.320,530.964,4065,13,234
2026-09-04T11:32:07.519,531.163,4066,13,235
2026-09-04T11:32:07.719,531.363,4065,13,235
2026-09-04T11:32:07.919,531.563,4066,15,235
2026-09-04T11:32:08.119,531.763,4066,13,235
2026-09-04T11:32:08.319,531.962,4065,15,235
2026-09-04T11:32:08.518,532.162,4065,13,235
2026-09-04T11:32:08.719,532.362,4066,14,235
2026-09-04T11:32:08.918,532.562,4066,11,234
2026-09-04T11:32:09.118,532.762,4066,14,235
2026-09-04T11:32:09.318,532.961,4066,12,234
2026-09-04T11:32:09.517,533.161,4066,12,235
2026-09-04T11:32:09.718,533.362,4066,14,235
2026-09-04T11:32:09.917,533.561,4066,12,235
2026-09-04T11:32:10.117,533.761,4066,14,235
2026-09-04T11:32:10.317,533.960,4066,14,235
2026-09-04T11:32:10.516,534.160,4065,12,235
2026-09-04T11:32:10.716,534.360,4065,14,235
2026-09-04T11:32:10.916,534.560,4066,14,235
2026-09-04T11:32:11.116,534.760,4065,15,235
2026-09-04T11:32:11.316,534.959,4065,14,235
2026-09-04T11:32:11.515,535.159,4066,15,235
2026-09-04T11:32:11.715,535.359,4065,13,235
2026-09-04T11:32:11.915,535.559,4066,12,235
2026-09-04T11:32:12.115,535.759,4066,13,235
2026-09-04T11:32:12.315,535.958,4066,12,235
2026-09-04T11:32:12.515,536.158,4065,13,235
2026-09-04T11:32:12.715,536.358,4066,14,234
2026-09-04T11:32:12.914,536.558,4065,14,235
2026-09-04T11:32:13.114,536.758,4066,14,235
2026-09-04T11:32:13.314,536.957,4066,14,235
2026-09-04T11:32:13.514,537.157,4065,12,235
2026-09-04T11:32:13.714,537.358,4066,14,235
2026-09-04T11:32:13.913,537.557,4065,14,235
2026-09-04T11:32:14.113,537.757,4066,15,235
2026-09-04T11:32:14.313,537.957,4066,14,235
2026-09-04T11:32:14.513,538.156,4066,14,235
2026-09-04T11:32:14.713,538.356,4066,12,235
2026-09-04T11:32:14.912,538.556,4066,12,235
2026-09-04T11:32:15.112,538.756,4066,12,236
2026-09-04T11:32:15.312,538.956,4066,13,235
2026-09-04T11:32:15.512,539.156,4065,13,234
2026-09-04T11:32:15.712,539.355,4066,14,235
2026-09-04T11:32:15.912,539.555,4065,14,235
2026-09-04T11:32:16.112,539.756,4066,13,234
2026-09-04T11:32:16.312,539.955,4066,14,235
2026-09-04T11:32:16.511,540.155,4066,13,235
2026-09-04T11:32:16.711,540.355,4066,14,235
2026-09-04T11:32:16.911,540.555,4065,14,235
2026-09-04T11:32:17.110,540.754,4065,15,235
2026-09-04T11:32:17.311,540.954,4066,12,234
2026-09-04T11:32:17.510,541.154,4066,14,235
2026-09-04T11:32:17.710,541.354,4066,12,235
2026-09-04T11:32:17.910,541.554,4066,12,235
2026-09-04T11:32:18.110,541.753,4066,13,235
2026-09-04T11:32:18.309,541.953,4066,13,235
2026-09-04T11:32:18.509,542.153,4066,13,235
2026-09-04T11:32:18.709,542.353,4066,14,235
2026-09-04T11:32:18.909,542.553,4066,13,235
2026-09-04T11:32:19.109,542.753,4065,14,235
2026-09-04T11:32:19.309,542.952,4065,14,235
2026-09-04T11:32:19.509,543.152,4066,14,235
2026-09-04T11:32:19.708,543.352,4066,14,235
2026-09-04T11:32:19.909,543.552,4066,13,235
2026-09-04T11:32:20.108,543.752,4065,15,235
2026-09-04T11:32:20.308,543.952,4066,12,235
2026-09-04T11:32:20.508,544.151,4066,14,235
2026-09-04T11:32:20.707,544.351,4066,12,235
2026-09-04T11:32:20.907,544.551,4066,12,235
2026-09-04T11:32:21.107,544.751,4065,13,235
2026-09-04T11:32:21.307,544.951,4066,13,234
2026-09-04T11:32:21.507,545.150,4066,13,235
2026-09-04T11:32:21.706,545.350,4065,14,235
2026-09-04T11:32:21.906,545.550,4066,14,235
2026-09-04T11:32:22.106,545.750,4066,14,235
2026-09-04T11:32:22.306,545.950,4066,14,235
2026-09-04T11:32:22.506,546.149,4066,14,235
2026-09-04T11:32:22.706,546.349,4066,14,236
2026-09-04T11:32:22.905,546.549,4065,12,235
2026-09-04T11:32:23.105,546.749,4066,16,235
2026-09-04T11:32:23.305,546.949,4066,12,235
2026-09-04T11:32:23.505,547.149,4066,15,235
2026-09-04T11:32:23.705,547.349,4066,13,235
2026-09-04T11:32:23.904,547.548,4065,12,235
2026-09-04T11:32:24.104,547.748,4066,13,235
2026-09-04T11:32:24.304,547.948,4066,15,236
2026-09-04T11:32:24.504,548.148,4066,14,235
2026-09-04T11:32:24.704,548.348,4065,15,236
2026-09-04T11:32:24.904,548.547,4066,15,235
2026-09-04T11:32:25.103,548.747,4066,14,235
2026-09-04T11:32:25.303,548.947,4066,15,235
2026-09-04T11:32:25.503,549.147,4066,13,236
2026-09-04T11:32:25.703,549.347,4066,14,235
2026-09-04T11:32:25.903,549.546,4066,12,236
2026-09-04T11:32:26.103,549.746,4066,14,235
2026-09-04T11:32:26.303,549.946,4066,12,236
2026-09-04T11:32:26.502,550.146,4065,13,235
2026-09-04T11:32:26.702,550.346,4066,14,235
2026-09-04T11:32:26.902,550.546,4066,13,236
2026-09-04T11:32:27.102,550.746,4066,14,236
2026-09-04T11:32:27.301,550.945,4065,14,235
2026-09-04T11:32:27.501,551.145,4066,13,236
2026-09-04T11:32:27.701,551.345,4065,14,235
2026-09-04T11:32:27.901,551.545,4066,14,236
2026-09-04T11:32:28.101,551.744,4066,16,235
2026-09-04T11:32:28.301,551.944,4066,14,235
2026-09-04T11:32:28.500,552.144,4066,15,235
2026-09-04T11:32:28.700,552.344,4066,13,235
2026-09-04T11:32:28.900,552.544,4066,12,235
2026-09-04T11:32:29.100,552.743,4066,13,236
2026-09-04T11:32:29.300,552.943,4066,12,235
2026-09-04T11:32:29.500,553.143,4066,13,235
2026-09-04T11:32:29.699,553.343,4066,14,235
2026-09-04T11:32:29.899,553.543,4066,14,236
2026-09-04T11:32:30.099,553.743,4066,13,235
2026-09-04T11:32:30.299,553.943,4066,14,236
2026-09-04T11:32:30.499,554.142,4065,13,235
2026-09-04T11:32:30.698,554.342,4066,15,236
2026-09-04T11:32:30.898,554.542,4066,14,235
2026-09-04T11:32:31.098,554.742,4066,15,235
2026-09-04T11:32:31.298,554.941,4066,12,235
2026-09-04T11:32:31.498,555.142,4065,15,236
2026-09-04T11:32:31.698,555.342,4066,13,235
2026-09-04T11:32:31.897,555.541,4066,12,236
2026-09-04T11:32:32.097,555.741,4065,13,235
2026-09-04T11:32:32.297,555.941,4066,12,235
2026-09-04T11:32:32.497,556.141,4067,13,235
2026-09-04T11:32:32.697,556.341,4066,13,236
2026-09-04T11:32:32.896,556.540,4066,15,235
2026-09-04T11:32:33.096,556.740,4066,13,236
2026-09-04T11:32:33.296,556.940,4066,15,235
2026-09-04T11:32:33.496,557.140,4066,13,235
2026-09-04T11:32:33.696,557.339,4065,15,235
2026-09-04T11:32:33.895,557.539,4066,11,235
2026-09-04T11:32:34.095,557.739,4066,15,235
2026-09-04T11:32:34.295,557.939,4066,12,235
2026-09-04T11:32:34.495,558.138,4066,13,235
2026-09-04T11:32:34.695,558.338,4066,14,236
2026-09-04T11:32:34.894,558.538,4066,12,235
2026-09-04T11:32:35.094,558.738,4066,13,235
2026-09-04T11:32:35.294,558.938,4065,12,235
2026-09-04T11:32:35.494,559.138,4065,13,235
2026-09-04T11:32:35.694,559.338,4066,14,236
2026-09-04T11:32:35.893,559.537,4066,15,235
2026-09-04T11:32:36.093,559.737,4066,13,236
2026-09-04T11:32:36.293,559.937,4066,15,235
2026-09-04T11:32:36.493,560.137,4066,13,236
2026-09-04T11:32:36.693,560.337,4066,14,235
2026-09-04T11:32:36.893,560.536,4066,11,236
2026-09-04T11:32:37.092,560.736,4067,14,235
2026-09-04T11:32:37.292,560.936,4067,12,235
2026-09-04T11:32:37.492,561.136,4066,13,236
2026-09-04T11:32:37.692,561.336,4066,14,235
2026-09-04T11:32:37.892,561.536,4066,12,234
2026-09-04T11:32:38.092,561.735,4066,13,235
2026-09-04T11:32:38.291,561.935,4065,14,235
2026-09-04T11:32:38.491,562.135,4066,13,235
2026-09-04T11:32:38.691,562.334,4066,13,235
2026-09-04T11:32:38.890,562.534,4066,15,235
2026-09-04T11:32:39.090,562.734,4066,14,235
2026-09-04T11:32:39.290,562.934,4066,15,235
2026-09-04T11:32:39.490,563.134,4066,13,234
2026-09-04T11:32:39.690,563.334,4066,14,235
2026-09-04T11:32:39.889,563.533,4066,11,234
2026-09-04T11:32:40.089,563.733,4066,13,235
2026-09-04T11:32:40.289,563.933,4066,12,235
2026-09-04T11:32:40.489,564.133,4065,13,234
2026-09-04T11:32:40.689,564.333,4066,14,235
2026-09-04T11:32:40.889,564.532,4066,13,235
2026-09-04T11:32:41.088,564.732,4066,14,234
2026-09-04T11:32:41.288,564.932,4066,14,235
2026-09-04T11:32:41.488,565.132,4066,13,234
2026-09-04T11:32:41.688,565.331,4066,14,235
2026-09-04T11:32:41.887,565.531,4065,13,234
2026-09-04T11:32:42.088,565.732,4065,15,234
2026-09-04T11:32:42.287,565.931,4065,12,234
2026-09-04T11:32:42.487,566.131,4065,14,234
2026-09-04T11:32:42.687,566.331,4066,12,235
2026-09-04T11:32:42.886,566.530,4066,12,235
2026-09-04T11:32:43.086,566.730,4066,13,234
2026-09-04T11:32:43.286,566.930,4066,13,234
2026-09-04T11:32:43.486,567.129,4066,13,234
2026-09-04T11:32:43.685,567.329,4066,13,234
2026-09-04T11:32:43.885,567.529,4066,14,234
2026-09-04T11:32:44.085,567.729,4066,14,234
2026-09-04T11:32:44.285,567.929,4066,14,234
2026-09-04T11:32:44.485,568.129,4065,13,234
2026-09-04T11:32:44.685,568.329,4067,14,235
2026-09-04T11:32:44.885,568.529,4066,11,234
2026-09-04T11:32:45.085,568.728,4066,15,235
2026-09-04T11:32:45.284,568.928,4066,12,234
2026-09-04T11:32:45.484,569.128,4066,14,235
2026-09-04T11:32:45.684,569.327,4065,14,234
2026-09-04T11:32:45.884,569.527,4066,12,234
2026-09-04T11:32:46.084,569.727,4065,13,234
2026-09-04T11:32:46.283,569.927,4066,15,235
2026-09-04T11:32:46.483,570.127,4066,14,234
2026-09-04T11:32:46.683,570.327,4066,14,235
2026-09-04T11:32:46.883,570.526,4065,15,234
2026-09-04T11:32:47.083,570.726,4066,13,234
2026-09-04T11:32:47.282,570.926,4066,15,234
2026-09-04T11:32:47.482,571.126,4065,13,235
2026-09-04T11:32:47.682,571.325,4066,14,234
2026-09-04T11:32:47.882,571.526,4066,11,235
2026-09-04T11:32:48.081,571.725,4066,14,234
2026-09-04T11:32:48.281,571.925,4066,12,235
2026-09-04T11:32:48.481,572.125,4066,13,234
2026-09-04T11:32:48.680,572.324,4066,14,234
2026-09-04T11:32:48.881,572.524,4066,12,235
2026-09-04T11:32:49.080,572.724,4066,13,235
2026-09-04T11:32:49.280,572.924,4066,15,234
2026-09-04T11:32:49.480,573.124,4066,13,235
2026-09-04T11:32:49.680,573.324,4066,14,234
2026-09-04T11:32:49.879,573.523,4066,15,235
2026-09-04T11:32:50.079,573.723,4066,13,234
2026-09-04T11:32:50.279,573.923,4066,12,234
2026-09-04T11:32:50.479,574.123,4065,13,234
2026-09-04T11:32:50.679,574.322,4066,12,234
2026-09-04T11:32:50.878,574.522,4065,11,234
2026-09-04T11:32:51.078,574.722,4066,14,235
2026-09-04T11:32:51.278,574.922,4066,12,234
2026-09-04T11:32:51.478,575.122,4066,14,234
2026-09-04T11:32:51.678,575.321,4066,13,234
2026-09-04T11:32:51.878,575.521,4066,13,235
2026-09-04T11:32:52.078,575.721,4066,13,234
2026-09-04T11:32:52.277,575.921,4065,14,234
2026-09-04T11:32:52.477,576.121,4066,15,234
2026-09-04T11:32:52.677,576.321,4066,14,234
2026-09-04T11:32:52.876,576.520,4066,14,234
2026-09-04T11:32:53.076,576.720,4066,13,234
2026-09-04T11:32:53.276,576.920,4066,12,234
2026-09-04T11:32:53.477,577.121,4066,13,234
2026-09-04T11:32:53.676,577.320,4066,12,234
2026-09-04T11:32:53.876,577.520,4066,11,235
2026-09-04T11:32:54.075,577.719,4066,14,234
2026-09-04T11:32:54.275,577.919,4066,12,234
2026-09-04T11:32:54.475,578.119,4066,14,234
2026-09-04T11:32:54.675,578.319,4066,14,234
2026-09-04T11:32:54.874,578.518,4066,13,234
2026-09-04T11:32:55.074,578.718,4066,14,234
2026-09-04T11:32:55.274,578.918,4066,14,234
2026-09-04T11:32:55.474,579.118,4066,15,234
2026-09-04T11:32:55.674,579.317,4066,14,235
2026-09-04T11:32:55.873,579.517,4066,14,234
2026-09-04T11:32:56.073,579.717,4066,13,235
2026-09-04T11:32:56.273,579.917,4066,12,235
2026-09-04T11:32:56.473,580.117,4066,13,235
2026-09-04T11:32:56.673,580.316,4066,12,235
2026-09-04T11:32:56.873,580.516,4066,13,235
2026-09-04T11:32:57.072,580.716,4066,13,234
2026-09-04T11:32:57.272,580.916,4066,15,235
2026-09-04T11:32:57.472,581.116,4066,13,235
2026-09-04T11:32:57.672,581.316,4066,15,235
2026-09-04T11:32:57.872,581.515,4065,12,235
2026-09-04T11:32:58.072,581.715,4066,15,235
2026-09-04T11:32:58.271,581.915,4066,14,235
2026-09-04T11:32:58.471,582.115,4066,15,235
2026-09-04T11:32:58.671,582.315,4066,14,235
2026-09-04T11:32:58.871,582.515,4066,13,235
2026-09-04T11:32:59.071,582.714,4065,14,235
2026-09-04T11:32:59.270,582.914,4066,12,236
2026-09-04T11:32:59.470,583.114,4066,13,235
2026-09-04T11:32:59.670,583.314,4066,12,235
2026-09-04T11:32:59.869,583.513,4066,13,235
2026-09-04T11:33:00.069,583.713,4066,12,235
2026-09-04T11:33:00.269,583.913,4066,15,235
2026-09-04T11:33:00.469,584.113,4066,13,235
2026-09-04T11:33:00.669,584.312,4066,15,235
2026-09-04T11:33:00.869,584.512,4066,14,235
2026-09-04T11:33:01.069,584.712,4066,14,235
2026-09-04T11:33:01.268,584.912,4066,11,235
2026-09-04T11:33:01.468,585.112,4066,13,235
2026-09-04T11:33:01.668,585.311,4066,12,235
2026-09-04T11:33:01.868,585.511,4066,12,235
2026-09-04T11:33:02.068,585.711,4066,14,236
2026-09-04T11:33:02.267,585.911,4067,12,235
2026-09-04T11:33:02.467,586.111,4066,14,234
2026-09-04T11:33:02.667,586.310,4066,13,235
2026-09-04T11:33:02.867,586.510,4066,12,235
2026-09-04T11:33:03.067,586.711,4066,14,235
2026-09-04T11:33:03.266,586.910,4066,14,235
2026-09-04T11:33:03.466,587.110,4066,16,235
2026-09-04T11:33:03.666,587.310,4065,14,235
2026-09-04T11:33:03.866,587.509,4066,15,236
2026-09-04T11:33:04.066,587.709,4066,14,235
2026-09-04T11:33:04.265,587.909,4066,12,235
2026-09-04T11:33:04.465,588.109,4066,14,235
2026-09-04T11:33:04.665,588.309,4066,12,235
2026-09-04T11:33:04.865,588.508,4066,11,235
2026-09-04T11:33:05.065,588.708,4066,13,235
2026-09-04T11:33:05.264,588.908,4066,15,235
2026-09-04T11:33:05.464,589.108,4066,13,235
2026-09-04T11:33:05.664,589.308,4066,15,235
2026-09-04T11:33:05.863,589.507,4066,13,235
2026-09-04T11:33:06.064,589.707,4066,14,235
2026-09-04T11:33:06.263,589.907,4066,14,235
2026-09-04T11:33:06.463,590.107,4065,14,235
2026-09-04T11:33:06.663,590.307,4066,14,235
2026-09-04T11:33:06.863,590.506,4066,13,235
2026-09-04T11:33:07.062,590.706,4066,15,235
2026-09-04T11:33:07.262,590.906,4066,12,235
2026-09-04T11:33:07.462,591.106,4066,13,235
2026-09-04T11:33:07.662,591.305,4066,13,235
2026-09-04T11:33:07.862,591.505,4066,13,235
2026-09-04T11:33:08.061,591.705,4066,13,235
2026-09-04T11:33:08.262,591.905,4066,15,235
2026-09-04T11:33:08.461,592.105,4066,14,235
2026-09-04T11:33:08.661,592.305,4066,14,235
2026-09-04T11:33:08.861,592.505,4066,15,235
2026-09-04T11:33:09.060,592.704,4066,13,235
2026-09-04T11:33:09.260,592.904,4067,15,236
2026-09-04T11:33:09.460,593.104,4066,13,235
2026-09-04T11:33:09.660,593.304,4066,13,235
2026-09-04T11:33:09.860,593.503,4066,11,235
2026-09-04T11:33:10.059,593.703,4066,14,236
2026-09-04T11:33:10.259,593.903,4066,12,235
2026-09-04T11:33:10.459,594.103,4066,13,235
2026-09-04T11:33:10.659,594.303,4066,14,235
2026-09-04T11:33:10.859,594.503,4066,13,235
2026-09-04T11:33:11.059,594.703,4066,14,235
2026-09-04T11:33:11.259,594.902,4065,14,235
2026-09-04T11:33:11.458,595.102,4066,13,235
2026-09-04T11:33:11.658,595.302,4066,14,235
2026-09-04T11:33:11.858,595.502,4067,13,236
2026-09-04T11:33:12.058,595.701,4067,15,235
2026-09-04T11:33:12.257,595.901,4066,12,235
2026-09-04T11:33:12.458,596.102,4066,15,235
2026-09-04T11:33:12.657,596.301,4066,12,235
2026-09-04T11:33:12.857,596.501,4066,12,236
2026-09-04T11:33:13.057,596.700,4066,13,235
2026-09-04T11:33:13.257,596.900,4066,12,235
2026-09-04T11:33:13.456,597.100,4065,14,235
2026-09-04T11:33:13.656,597.300,4067,13,235
2026-09-04T11:33:13.856,597.500,4066,15,235
2026-09-04T11:33:14.056,597.700,4066,13,235
2026-09-04T11:33:14.256,597.899,4066,15,235
2026-09-04T11:33:14.455,598.099,4065,13,235
2026-09-04T11:33:14.655,598.299,4066,14,236
2026-09-04T11:33:14.855,598.499,4066,12,235
2026-09-04T11:33:15.055,598.699,4066,14,235
2026-09-04T11:33:15.255,598.899,4066,12,235
2026-09-04T11:33:15.455,599.099,4067,13,235
2026-09-04T11:33:15.655,599.298,4066,14,235
2026-09-04T11:33:15.854,599.498,4066,12,235
2026-09-04T11:33:16.054,599.698,4066,13,235
2026-09-04T11:33:16.255,599.898,4066,13,235
2026-09-04T11:33:16.454,600.098,4066,13,235
2026-09-04T11:33:16.654,600.297,4066,14,235
2026-09-04T11:33:16.854,600.497,4066,14,235
2026-09-04T11:33:17.053,600.697,4066,15,235
2026-09-04T11:33:17.253,600.897,4066,14,235
2026-09-04T11:33:17.453,601.097,4066,14,235
2026-09-04T11:33:17.653,601.297,4066,14,234
2026-09-04T11:33:17.853,601.497,4067,12,235
2026-09-04T11:33:18.053,601.697,4066,14,235
2026-09-04T11:33:18.253,601.897,4066,12,235
2026-09-04T11:33:18.453,602.096,4066,11,235
2026-09-04T11:33:18.652,602.296,4066,13,235
2026-09-04T11:33:18.852,602.496,4066,12,235
2026-09-04T11:33:19.052,602.696,4066,13,235
2026-09-04T11:33:19.252,602.895,4066,15,235
2026-09-04T11:33:19.452,603.096,4066,13,235
2026-09-04T11:33:19.651,603.295,4067,14,234
2026-09-04T11:33:19.852,603.495,4066,14,235
2026-09-04T11:33:20.051,603.695,4065,14,235
2026-09-04T11:33:20.251,603.895,4067,14,235
2026-09-04T11:33:20.451,604.095,4065,12,234
2026-09-04T11:33:20.651,604.294,4066,16,235
2026-09-04T11:33:20.850,604.494,4066,12,234
2026-09-04T11:33:21.051,604.694,4066,14,235
2026-09-04T11:33:21.250,604.894,4066,13,234
2026-09-04T11:33:21.450,605.094,4066,12,234
2026-09-04T11:33:21.650,605.293,4066,13,235
2026-09-04T11:33:21.849,605.493,4066,14,235
2026-09-04T11:33:22.050,605.693,4066,13,234
2026-09-04T11:33:22.249,605.893,4066,13,235
2026-09-04T11:33:22.449,606.093,4066,16,234
2026-09-04T11:33:22.649,606.293,4066,14,235
2026-09-04T11:33:22.849,606.492,4066,15,234
2026-09-04T11:33:23.049,606.692,4066,14,235
2026-09-04T11:33:23.248,606.892,4066,14,234
2026-09-04T11:33:23.448,607.092,4066,12,235
2026-09-04T11:33:23.648,607.292,4067,13,234
2026-09-04T11:33:23.848,607.492,4066,13,235
2026-09-04T11:33:24.048,607.692,4066,13,235
2026-09-04T11:33:24.247,607.891,4066,14,234
2026-09-04T11:33:24.447,608.091,4065,14,235
2026-09-04T11:33:24.647,608.291,4065,13,235
2026-09-04T11:33:24.847,608.491,4067,14,234
2026-09-04T11:33:25.047,608.691,4065,13,234
2026-09-04T11:33:25.246,608.890,4066,15,235
2026-09-04T11:33:25.446,609.090,4066,13,234
2026-09-04T11:33:25.646,609.290,4065,15,235
2026-09-04T11:33:25.846,609.490,4067,14,234
2026-09-04T11:33:26.046,609.689,4066,14,235
2026-09-04T11:33:26.246,609.889,4067,13,234
2026-09-04T11:33:26.446,610.089,4066,12,235
2026-09-04T11:33:26.645,610.289,4065,13,234
2026-09-04T11:33:26.845,610.489,4067,12,234
2026-09-04T11:33:27.045,610.688,4066,14,234
2026-09-04T11:33:27.245,610.888,4066,13,235
2026-09-04T11:33:27.444,611.088,4067,16,234
2026-09-04T11:33:27.644,611.288,4067,13,235
2026-09-04T11:33:27.844,611.488,4066,15,234
2026-09-04T11:33:28.043,611.687,4066,14,234
2026-09-04T11:33:28.243,611.887,4066,14,234
2026-09-04T11:33:28.443,612.087,4066,11,234
2026-09-04T11:33:28.643,612.287,4066,14,234
2026-09-04T11:33:28.843,612.486,4066,12,234
2026-09-04T11:33:29.043,612.686,4066,12,234
2026-09-04T11:33:29.242,612.886,4067,14,235
2026-09-04T11:33:29.442,613.086,4066,11,234
2026-09-04T11:33:29.642,613.286,4066,13,233
2026-09-04T11:33:29.842,613.486,4066,13,234
2026-09-04T11:33:30.042,613.685,4066,13,234
2026-09-04T11:33:30.241,613.885,4066,14,234
2026-09-04T11:33:30.441,614.085,4065,15,234
2026-09-04T11:33:30.641,614.284,4067,14,234
2026-09-04T11:33:30.841,614.484,4066,14,234
2026-09-04T11:33:31.041,614.684,4066,14,234
2026-09-04T11:33:31.240,614.884,4066,13,233
2026-09-04T11:33:31.440,615.084,4067,12,234
2026-09-04T11:33:31.640,615.284,4067,13,233
2026-09-04T11:33:31.840,615.483,4067,12,234
2026-09-04T11:33:32.039,615.683,4066,11,233
2026-09-04T11:33:32.240,615.883,4066,13,233
2026-09-04T11:33:32.439,616.083,4066,13,233
2026-09-04T11:33:32.639,616.283,4066,13,234
2026-09-04T11:33:32.839,616.483,4066,14,234
2026-09-04T11:33:33.038,616.682,4066,13,234
2026-09-04T11:33:33.238,616.882,4067,14,233
2026-09-04T11:33:33.438,617.082,4067,14,234
2026-09-04T11:33:33.638,617.282,4066,16,234
2026-09-04T11:33:33.838,617.481,4065,13,234
2026-09-04T11:33:34.038,617.681,4066,14,233
2026-09-04T11:33:34.238,617.881,4067,14,234
2026-09-04T11:33:34.438,618.081,4066,12,233
2026-09-04T11:33:34.637,618.281,4066,13,234
2026-09-04T11:33:34.837,618.481,4066,12,234
2026-09-04T11:33:35.037,618.680,4066,13,233
2026-09-04T11:33:35.237,618.881,4066,13,234
2026-09-04T11:33:35.436,619.080,4067,15,234
2026-09-04T11:33:35.636,619.280,4066,14,233
2026-09-04T11:33:35.836,619.480,4066,15,234
2026-09-04T11:33:36.036,619.680,4066,14,233
2026-09-04T11:33:36.236,619.879,4066,14,234
2026-09-04T11:33:36.436,620.079,4066,14,234
2026-09-04T11:33:36.635,620.279,4066,14,234
2026-09-04T11:33:36.835,620.479,4066,15,234
2026-09-04T11:33:37.035,620.679,4066,11,234
2026-09-04T11:33:37.235,620.879,4066,14,234
2026-09-04T11:33:37.434,621.078,4066,12,235
2026-09-04T11:33:37.634,621.278,4067,13,234
2026-09-04T11:33:37.834,621.478,4066,14,233
2026-09-04T11:33:38.034,621.678,4066,13,234
2026-09-04T11:33:38.234,621.877,4066,13,234
2026-09-04T11:33:38.433,622.077,4066,14,235
2026-09-04T11:33:38.633,622.277,4067,13,234
2026-09-04T11:33:38.833,622.477,4066,14,234
2026-09-04T11:33:39.033,622.677,4066,13,234
2026-09-04T11:33:39.233,622.877,4066,15,234
2026-09-04T11:33:39.433,623.077,4067,12,234
2026-09-04T11:33:39.632,623.276,4067,14,234
2026-09-04T11:33:39.832,623.476,4066,13,234
2026-09-04T11:33:40.032,623.676,4066,12,235
2026-09-04T11:33:40.232,623.876,4066,13,234
2026-09-04T11:33:40.432,624.076,4066,12,234
2026-09-04T11:33:40.631,624.275,4066,13,234
2026-09-04T11:33:40.831,624.475,4067,14,234
2026-09-04T11:33:41.031,624.675,4066,15,234
2026-09-04T11:33:41.231,624.874,4066,14,234
2026-09-04T11:33:41.431,625.075,4066,15,235
2026-09-04T11:33:41.630,625.274,4067,13,234
2026-09-04T11:33:41.830,625.474,4066,15,235
2026-09-04T11:33:42.030,625.674,4066,11,234
2026-09-04T11:33:42.230,625.874,4066,15,235
2026-09-04T11:33:42.430,626.073,4067,12,234
2026-09-04T11:33:42.629,626.273,4067,13,235
2026-09-04T11:33:42.830,626.473,4066,14,235
2026-09-04T11:33:43.029,626.673,4066,12,235
2026-09-04T11:33:43.229,626.873,4066,13,234
2026-09-04T11:33:43.429,627.073,4066,12,235
2026-09-04T11:33:43.629,627.272,4067,13,235
2026-09-04T11:33:43.829,627.472,4065,14,235
2026-09-04T11:33:44.028,627.672,4066,15,235
2026-09-04T11:33:44.228,627.872,4066,15,235
2026-09-04T11:33:44.429,628.072,4066,14,235
2026-09-04T11:33:44.628,628.272,4066,14,236
2026-09-04T11:33:44.828,628.472,4066,13,235
2026-09-04T11:33:45.028,628.672,4066,12,235
2026-09-04T11:33:45.228,628.871,4066,13,235
2026-09-04T11:33:45.427,629.071,4067,13,236
2026-09-04T11:33:45.627,629.271,4066,11,235
2026-09-04T11:33:45.827,629.471,4067,14,235
2026-09-04T11:33:46.027,629.671,4066,12,235
2026-09-04T11:33:46.227,629.871,4067,13,236
2026-09-04T11:33:46.427,630.070,4066,15,235
2026-09-04T11:33:46.626,630.270,4066,13,235
2026-09-04T11:33:46.826,630.470,4066,14,235
2026-09-04T11:33:47.026,630.670,4066,14,235
2026-09-04T11:33:47.226,630.870,4066,14,235
2026-09-04T11:33:47.426,631.070,4066,14,236
2026-09-04T11:33:47.626,631.270,4067,13,235
2026-09-04T11:33:47.826,631.469,4066,15,236
2026-09-04T11:33:48.026,631.669,4066,12,235
2026-09-04T11:33:48.225,631.869,4066,15,235
2026-09-04T11:33:48.425,632.069,4066,13,236
2026-09-04T11:33:48.625,632.269,4066,12,235
2026-09-04T11:33:48.825,632.469,4067,13,235
2026-09-04T11:33:49.025,632.668,4067,12,236
2026-09-04T11:33:49.225,632.868,4067,13,235
2026-09-04T11:33:49.424,633.068,4067,14,235
2026-09-04T11:33:49.624,633.268,4067,15,235
2026-09-04T11:33:49.824,633.468,4067,13,235
2026-09-04T11:33:50.024,633.668,4067,15,235
2026-09-04T11:33:50.224,633.868,4066,13,236
2026-09-04T11:33:50.424,634.067,4066,14,235
2026-09-04T11:33:50.623,634.267,4067,11,236
2026-09-04T11:33:50.823,634.467,4066,14,235
2026-09-04T11:33:51.023,634.667,4066,12,236
2026-09-04T11:33:51.223,634.867,4066,12,236
2026-09-04T11:33:51.423,635.067,4066,14,235
2026-09-04T11:33:51.623,635.266,4066,12,235
2026-09-04T11:33:51.823,635.467,4066,13,235
2026-09-04T11:33:52.023,635.666,4065,14,236
2026-09-04T11:33:52.222,635.866,4066,13,235
2026-09-04T11:33:52.422,636.066,4066,13,236
2026-09-04T11:33:52.622,636.266,4067,15,235
2026-09-04T11:33:52.822,636.465,4066,14,236
2026-09-04T11:33:53.022,636.666,4066,15,235
2026-09-04T11:33:53.222,636.865,4066,14,236
2026-09-04T11:33:53.421,637.065,4066,14,235
2026-09-04T11:33:53.621,637.265,4067,12,236
2026-09-04T11:33:53.821,637.465,4066,13,235
2026-09-04T11:33:54.021,637.665,4066,13,235
2026-09-04T11:33:54.221,637.865,4066,11,235
2026-09-04T11:33:54.421,638.064,4067,14,235
2026-09-04T11:33:54.620,638.264,4067,14,235
2026-09-04T11:33:54.820,638.464,4066,13,235
2026-09-04T11:33:55.020,638.664,4066,14,235
2026-09-04T11:33:55.220,638.864,4066,12,235
2026-09-04T11:33:55.420,639.064,4067,14,235
2026-09-04T11:33:55.620,639.263,4066,14,235
2026-09-04T11:33:55.819,639.463,4067,16,235
2026-09-04T11:33:56.019,639.663,4066,13,235
2026-09-04T11:33:56.219,639.863,4066,14,234
2026-09-04T11:33:56.419,640.063,4067,14,235
2026-09-04T11:33:56.619,640.263,4067,12,235
2026-09-04T11:33:56.819,640.462,4067,14,235
2026-09-04T11:33:57.019,640.662,4067,12,235
2026-09-04T11:33:57.218,640.862,4066,13,235
2026-09-04T11:33:57.418,641.062,4066,13,234
2026-09-04T11:33:57.618,641.262,4067,15,235
2026-09-04T11:33:57.818,641.462,4067,13,235
2026-09-04T11:33:58.018,641.662,4066,16,235
2026-09-04T11:33:58.218,641.862,4066,14,235
2026-09-04T11:33:58.418,642.061,4067,14,235
2026-09-04T11:33:58.617,642.261,4066,14,235
2026-09-04T11:33:58.817,642.461,4067,14,235
2026-09-04T11:33:59.017,642.661,4067,15,234
2026-09-04T11:33:59.217,642.861,4066,11,235
2026-09-04T11:33:59.417,643.060,4067,15,235
2026-09-04T11:33:59.616,643.260,4067,12,235
2026-09-04T11:33:59.817,643.460,4067,13,235
2026-09-04T11:34:00.016,643.660,4067,13,234
2026-09-04T11:34:00.216,643.860,4066,12,235
2026-09-04T11:34:00.416,644.060,4067,13,235
2026-09-04T11:34:00.616,644.259,4066,15,235
2026-09-04T11:34:00.815,644.459,4067,13,235
2026-09-04T11:34:01.015,644.659,4066,13,235
2026-09-04T11:34:01.215,644.859,4066,16,235
2026-09-04T11:34:01.415,645.059,4066,14,235
2026-09-04T11:34:01.615,645.259,4066,15,235
2026-09-04T11:34:01.815,645.458,4067,14,234
2026-09-04T11:34:02.015,645.658,4067,14,235
2026-09-04T11:34:02.214,645.858,4066,11,235
2026-09-04T11:34:02.414,646.058,4067,13,235
2026-09-04T11:34:02.614,646.258,4066,12,235
2026-09-04T11:34:02.814,646.458,4066,13,235
2026-09-04T11:34:03.014,646.657,4067,14,234
2026-09-04T11:34:03.213,646.857,4066,13,235
2026-09-04T11:34:03.413,647.057,4067,14,235
2026-09-04T11:34:03.613,647.257,4066,14,235
2026-09-04T11:34:03.813,647.457,4067,13,235
2026-09-04T11:34:04.013,647.657,4066,14,235
2026-09-04T11:34:04.213,647.857,4065,14,235
2026-09-04T11:34:04.413,648.056,4067,15,235
2026-09-04T11:34:04.613,648.257,4067,12,234
2026-09-04T11:34:04.812,648.456,4066,15,235
2026-09-04T11:34:05.012,648.656,4066,12,234
2026-09-04T11:34:05.212,648.855,4066,12,235
2026-09-04T11:34:05.412,649.055,4067,13,235
2026-09-04T11:34:05.611,649.255,4066,12,234
2026-09-04T11:34:05.811,649.455,4067,13,234
2026-09-04T11:34:06.011,649.655,4067,13,235
2026-09-04T11:34:06.211,649.855,4066,15,234
2026-09-04T11:34:06.411,650.055,4067,13,235
2026-09-04T11:34:06.610,650.254,4067,15,234
2026-09-04T11:34:06.810,650.454,4067,14,234
2026-09-04T11:34:07.011,650.654,4066,14,234
2026-09-04T11:34:07.210,650.854,4066,12,234
2026-09-04T11:34:07.410,651.054,4066,13,234
2026-09-04T11:34:07.610,651.254,4066,13,234
2026-09-04T11:34:07.810,651.453,4066,11,234
2026-09-04T11:34:08.009,651.653,4066,14,235
2026-09-04T11:34:08.209,651.853,4066,12,234
2026-09-04T11:34:08.409,652.053,4066,13,234
2026-09-04T11:34:08.609,652.253,4067,14,234
2026-09-04T11:34:08.809,652.452,4066,13,234
2026-09-04T11:34:09.009,652.652,4066,13,234
2026-09-04T11:34:09.208,652.852,4066,13,234
2026-09-04T11:34:09.408,653.052,4067,13,234
2026-09-04T11:34:09.608,653.252,4067,14,234
2026-09-04T11:34:09.808,653.452,4067,13,234
2026-09-04T11:34:10.008,653.652,4067,15,233
2026-09-04T11:34:10.208,653.851,4067,12,234
2026-09-04T11:34:10.407,654.051,4066,15,233
2026-09-04T11:34:10.607,654.251,4066,13,234
2026-09-04T11:34:10.807,654.451,4066,12,233
2026-09-04T11:34:11.007,654.651,4066,13,233
2026-09-04T11:34:11.207,654.850,4066,12,233
2026-09-04T11:34:11.407,655.050,4066,13,233
2026-09-04T11:34:11.606,655.250,4066,13,233
2026-09-04T11:34:11.806,655.450,4066,15,233
2026-09-04T11:34:12.006,655.650,4066,14,233
2026-09-04T11:34:12.206,655.850,4066,14,233
2026-09-04T11:34:12.406,656.050,4067,14,233
2026-09-04T11:34:12.606,656.249,4067,13,233
2026-09-04T11:34:12.805,656.449,4067,12,232
2026-09-04T11:34:13.005,656.649,4066,13,233
2026-09-04T11:34:13.205,656.849,4066,13,233
2026-09-04T11:34:13.405,657.049,4067,11,233
2026-09-04T11:34:13.605,657.249,4067,14,233
2026-09-04T11:34:13.805,657.448,4066,12,233
2026-09-04T11:34:14.005,657.648,4066,13,233
2026-09-04T11:34:14.204,657.848,4066,14,233
2026-09-04T11:34:14.404,658.048,4066,13,233
2026-09-04T11:34:14.604,658.248,4066,14,233
2026-09-04T11:34:14.804,658.448,4066,14,233
2026-09-04T11:34:15.004,658.647,4066,14,233
2026-09-04T11:34:15.204,658.848,4067,14,233
2026-09-04T11:34:15.403,659.047,4066,12,233
2026-09-04T11:34:15.603,659.247,4066,16,233
2026-09-04T11:34:15.803,659.447,4067,12,233
2026-09-04T11:34:16.003,659.646,4066,14,233
2026-09-04T11:34:16.203,659.846,4067,14,233
2026-09-04T11:34:16.402,660.046,4066,12,233
2026-09-04T11:34:16.602,660.246,4067,13,232
2026-09-04T11:34:16.803,660.447,4066,12,233
2026-09-04T11:34:17.002,660.646,4066,13,233
2026-09-04T11:34:17.202,660.845,4067,14,233
2026-09-04T11:34:17.402,661.045,4066,15,233
2026-09-04T11:34:17.601,661.245,4066,14,233
2026-09-04T11:34:17.801,661.445,4067,14,233
2026-09-04T11:34:18.001,661.645,4067,14,233
2026-09-04T11:34:18.201,661.845,4066,13,232
2026-09-04T11:34:18.401,662.045,4067,12,233
2026-09-04T11:34:18.601,662.244,4066,13,233
2026-09-04T11:34:18.801,662.444,4066,12,233
2026-09-04T11:34:19.000,662.644,4066,11,233
2026-09-04T11:34:19.200,662.844,4067,14,233
2026-09-04T11:34:19.400,663.044,4066,12,232
2026-09-04T11:34:19.600,663.244,4066,13,233
2026-09-04T11:34:19.800,663.444,4066,15,233
2026-09-04T11:34:19.999,663.643,4067,12,233
2026-09-04T11:34:20.199,663.843,4067,15,233
2026-09-04T11:34:20.399,664.043,4067,14,233
2026-09-04T11:34:20.599,664.243,4066,15,233
2026-09-04T11:34:20.799,664.443,4067,14,234
2026-09-04T11:34:20.999,664.642,4067,14,233
2026-09-04T11:34:21.198,664.842,4066,14,234
2026-09-04T11:34:21.398,665.042,4066,12,233
2026-09-04T11:34:21.599,665.242,4066,14,233
2026-09-04T11:34:21.798,665.442,4066,12,234
2026-09-04T11:34:21.998,665.642,4067,13,233
2026-09-04T11:34:22.198,665.841,4066,13,233
2026-09-04T11:34:22.398,666.041,4066,15,234
2026-09-04T11:34:22.597,666.241,4067,13,233
2026-09-04T11:34:22.797,666.441,4067,15,234
2026-09-04T11:34:22.997,666.641,4066,13,233
2026-09-04T11:34:23.197,666.840,4067,14,234
2026-09-04T11:34:23.396,667.040,4066,14,233
2026-09-04T11:34:23.596,667.240,4066,14,234
2026-09-04T11:34:23.796,667.440,4067,14,233
2026-09-04T11:34:23.996,667.640,4066,12,234
2026-09-04T11:34:24.196,667.840,4067,14,234
2026-09-04T11:34:24.396,668.040,4067,12,234
2026-09-04T11:34:24.595,668.239,4067,14,234
2026-09-04T11:34:24.796,668.440,4066,13,233
2026-09-04T11:34:24.996,668.639,4066,13,234
2026-09-04T11:34:25.195,668.839,4066,13,234
2026-09-04T11:34:25.395,669.038,4065,14,233
2026-09-04T11:34:25.594,669.238,4067,13,234
2026-09-04T11:34:25.794,669.438,4067,13,233
2026-09-04T11:34:25.994,669.638,4066,16,234
2026-09-04T11:34:26.194,669.838,4066,14,234
2026-09-04T11:34:26.394,670.038,4067,15,234
2026-09-04T11:34:26.594,670.237,4066,14,233
2026-09-04T11:34:26.793,670.437,4066,12,234
2026-09-04T11:34:26.993,670.637,4067,11,234
2026-09-04T11:34:27.193,670.837,4066,13,234
2026-09-04T11:34:27.393,671.037,4067,12,234
2026-09-04T11:34:27.593,671.237,4067,13,234
2026-09-04T11:34:27.793,671.436,4067,14,234
2026-09-04T11:34:27.993,671.637,4067,13,234
2026-09-04T11:34:28.193,671.836,4066,13,233
2026-09-04T11:34:28.392,672.036,4066,14,234
2026-09-04T11:34:28.592,672.236,4066,12,233
2026-09-04T11:34:28.792,672.436,4066,14,233
2026-09-04T11:34:28.992,672.635,4066,14,233
2026-09-04T11:34:29.191,672.835,4067,16,233
2026-09-04T11:34:29.391,673.035,4066,12,233
2026-09-04T11:34:29.591,673.235,4067,14,233
2026-09-04T11:34:29.791,673.435,4067,14,233
2026-09-04T11:34:29.991,673.635,4067,13,234
2026-09-04T11:34:30.191,673.834,4066,13,233
2026-09-04T11:34:30.390,674.034,4066,12,233
2026-09-04T11:34:30.590,674.234,4066,13,233
2026-09-04T11:34:30.790,674.434,4066,13,233
2026-09-04T11:34:30.990,674.634,4067,15,233
2026-09-04T11:34:31.190,674.833,4067,13,233
2026-09-04T11:34:31.390,675.034,4066,15,233
2026-09-04T11:34:31.590,675.234,4066,14,233
2026-09-04T11:34:31.789,675.433,4066,14,234
2026-09-04T11:34:31.989,675.633,4066,11,233
2026-09-04T11:34:32.189,675.833,4067,13,234
2026-09-04T11:34:32.389,676.033,4067,12,233
2026-09-04T11:34:32.588,676.232,4066,11,234
2026-09-04T11:34:32.789,676.433,4067,14,234
2026-09-04T11:34:32.988,676.632,4067,12,233
2026-09-04T11:34:33.188,676.832,4067,13,233
2026-09-04T11:34:33.388,677.032,4067,14,234
2026-09-04T11:34:33.588,677.232,4066,12,234
2026-09-04T11:34:33.788,677.431,4066,13,234
2026-09-04T11:34:33.987,677.631,4066,14,234
2026-09-04T11:34:34.187,677.831,4066,16,234
2026-09-04T11:34:34.387,678.031,4066,13,234
2026-09-04T11:34:34.587,678.231,4066,14,234
2026-09-04T11:34:34.787,678.431,4067,14,234
2026-09-04T11:34:34.986,678.630,4067,12,234
2026-09-04T11:34:35.187,678.830,4066,14,234
2026-09-04T11:34:35.387,679.030,4067,12,234
2026-09-04T11:34:35.586,679.230,4067,11,235
2026-09-04T11:34:35.786,679.430,4067,14,234
2026-09-04T11:34:35.986,679.630,4067,12,234
2026-09-04T11:34:36.186,679.830,4066,13,234
2026-09-04T11:34:36.386,680.030,4067,14,235
2026-09-04T11:34:36.586,680.229,4067,13,234
2026-09-04T11:34:36.785,680.429,4067,14,235
2026-09-04T11:34:36.985,680.629,4066,14,234
2026-09-04T11:34:37.185,680.829,4066,14,234
2026-09-04T11:34:37.385,681.029,4067,14,234
2026-09-04T11:34:37.585,681.229,4066,12,235
2026-09-04T11:34:37.785,681.429,4067,16,234
2026-09-04T11:34:37.984,681.628,4066,12,235
2026-09-04T11:34:38.184,681.828,4067,15,234
2026-09-04T11:34:38.384,682.028,4067,13,235
2026-09-04T11:34:38.584,682.228,4067,12,234
2026-09-04T11:34:38.784,682.428,4066,13,234
2026-09-04T11:34:38.984,682.628,4067,12,234
2026-09-04T11:34:39.184,682.827,4067,13,235
2026-09-04T11:34:39.384,683.028,4067,13,234
2026-09-04T11:34:39.584,683.227,4066,15,234
2026-09-04T11:34:39.784,683.427,4066,13,234
2026-09-04T11:34:39.983,683.627,4067,15,234
2026-09-04T11:34:40.184,683.827,4066,13,234
2026-09-04T11:34:40.383,684.027,4066,15,234
2026-09-04T11:34:40.583,684.227,4067,11,234
2026-09-04T11:34:40.783,684.427,4067,15,234
2026-09-04T11:34:40.983,684.626,4067,12,234
2026-09-04T11:34:41.182,684.826,4066,13,234
2026-09-04T11:34:41.382,685.026,4067,14,235
2026-09-04T11:34:41.582,685.226,4066,12,234
2026-09-04T11:34:41.782,685.426,4066,13,234
2026-09-04T11:34:41.982,685.626,4066,12,235
2026-09-04T11:34:42.182,685.825,4067,13,235
2026-09-04T11:34:42.382,686.025,4066,13,234
2026-09-04T11:34:42.581,686.225,4066,15,235
2026-09-04T11:34:42.781,686.425,4067,14,234
2026-09-04T11:34:42.981,686.625,4066,15,235
2026-09-04T11:34:43.181,686.825,4067,14,234
2026-09-04T11:34:43.381,687.025,4066,13,235
2026-09-04T11:34:43.581,687.225,4067,12,234
2026-09-04T11:34:43.781,687.424,4066,13,235
2026-09-04T11:34:43.980,687.624,4066,12,234
2026-09-04T11:34:44.180,687.824,4066,11,235
2026-09-04T11:34:44.380,688.024,4066,14,234
2026-09-04T11:34:44.581,688.224,4066,12,234
2026-09-04T11:34:44.780,688.424,4067,14,234
2026-09-04T11:34:44.980,688.623,4067,14,235
2026-09-04T11:34:45.180,688.823,4066,12,234
2026-09-04T11:34:45.379,689.023,4066,15,235
2026-09-04T11:34:45.579,689.223,4066,14,234
2026-09-04T11:34:45.779,689.423,4066,14,234
2026-09-04T11:34:45.979,689.622,4067,14,234
2026-09-04T11:34:46.179,689.822,4066,12,234
2026-09-04T11:34:46.379,690.022,4067,16,234
2026-09-04T11:34:46.578,690.222,4066,12,234
2026-09-04T11:34:46.778,690.422,4066,14,234
2026-09-04T11:34:46.978,690.622,4067,14,235
2026-09-04T11:34:47.178,690.822,4066,12,234
2026-09-04T11:34:47.378,691.021,4067,13,233
2026-09-04T11:34:47.577,691.221,4066,13,234
2026-09-04T11:34:47.778,691.421,4066,13,234
2026-09-04T11:34:47.977,691.621,4066,14,234
2026-09-04T11:34:48.177,691.821,4067,14,234
2026-09-04T11:34:48.377,692.020,4066,15,234
2026-09-04T11:34:48.577,692.220,4066,14,234
2026-09-04T11:34:48.777,692.420,4067,15,234
2026-09-04T11:34:48.976,692.620,4066,14,233
2026-09-04T11:34:49.176,692.820,4067,12,234
2026-09-04T11:34:49.376,693.020,4066,14,234
2026-09-04T11:34:49.576,693.220,4066,12,234
2026-09-04T11:34:49.776,693.419,4066,12,234
2026-09-04T11:34:49.975,693.619,4066,13,234
2026-09-04T11:34:50.175,693.819,4066,12,234
2026-09-04T11:34:50.375,694.019,4066,13,234
2026-09-04T11:34:50.575,694.219,4067,15,234
2026-09-04T11:34:50.775,694.419,4067,14,235
2026-09-04T11:34:50.974,694.618,4066,14,234
2026-09-04T11:34:51.174,694.818,4066,15,234
2026-09-04T11:34:51.374,695.018,4067,13,234
2026-09-04T11:34:51.574,695.218,4066,15,234
2026-09-04T11:34:51.774,695.418,4066,11,234
2026-09-04T11:34:51.974,695.618,4067,14,234
2026-09-04T11:34:52.174,695.818,4066,12,235
2026-09-04T11:34:52.374,696.018,4067,11,235
2026-09-04T11:34:52.573,696.217,4066,14,234
2026-09-04T11:34:52.773,696.417,4067,13,234
2026-09-04T11:34:52.973,696.617,4066,13,235
2026-09-04T11:34:53.173,696.817,4067,15,234
2026-09-04T11:34:53.373,697.017,4067,13,235
2026-09-04T11:34:53.573,697.216,4067,15,234
2026-09-04T11:34:53.773,697.416,4067,14,235
2026-09-04T11:34:53.972,697.616,4066,14,235
2026-09-04T11:34:54.172,697.816,4067,14,235
2026-09-04T11:34:54.372,698.016,4066,12,234
2026-09-04T11:34:54.572,698.215,4067,15,235
2026-09-04T11:34:54.772,698.415,4066,12,234
2026-09-04T11:34:54.972,698.615,4067,14,235
2026-09-04T11:34:55.171,698.815,4066,14,234
2026-09-04T11:34:55.371,699.015,4066,12,234
2026-09-04T11:34:55.571,699.215,4067,13,235
2026-09-04T11:34:55.771,699.414,4066,14,235
2026-09-04T11:34:55.970,699.614,4067,13,234
2026-09-04T11:34:56.171,699.814,4066,14,234
2026-09-04T11:34:56.370,700.014,4066,15,235
2026-09-04T11:34:56.570,700.214,4066,15,234
2026-09-04T11:34:56.770,700.414,4066,14,235
2026-09-04T11:34:56.970,700.614,4066,14,234
2026-09-04T11:34:57.169,700.813,4066,13,234
2026-09-04T11:34:57.369,701.013,4066,12,234
2026-09-04T11:34:57.569,701.213,4067,14,234
2026-09-04T11:34:57.769,701.413,4067,13,234
2026-09-04T11:34:57.969,701.612,4067,13,234
2026-09-04T11:34:58.169,701.812,4066,13,233
2026-09-04T11:34:58.369,702.012,4066,15,234
2026-09-04T11:34:58.568,702.212,4066,13,234
2026-09-04T11:34:58.768,702.412,4066,15,234
2026-09-04T11:34:58.968,702.612,4067,13,233
2026-09-04T11:34:59.168,702.811,4067,14,234
2026-09-04T11:34:59.368,703.011,4067,14,234
2026-09-04T11:34:59.568,703.211,4067,14,234
2026-09-04T11:34:59.767,703.411,4067,14,233
2026-09-04T11:34:59.967,703.611,4066,12,234
2026-09-04T11:35:00.167,703.811,4067,14,233
2026-09-04T11:35:00.367,704.011,4066,12,234
2026-09-04T11:35:00.567,704.210,4067,14,234
2026-09-04T11:35:00.766,704.410,4066,14,233
2026-09-04T11:35:00.967,704.610,4066,12,234
2026-09-04T11:35:01.166,704.810,4066,13,234
2026-09-04T11:35:01.366,705.010,4066,14,233
2026-09-04T11:35:01.566,705.210,4066,14,234
2026-09-04T11:35:01.766,705.409,4066,14,233
2026-09-04T11:35:01.966,705.609,4067,15,233
2026-09-04T11:35:02.165,705.809,4066,15,233
2026-09-04T11:35:02.366,706.010,4067,14,234
2026-09-04T11:35:02.565,706.209,4067,14,233
2026-09-04T11:35:02.765,706.409,4067,14,233
2026-09-04T11:35:02.965,706.608,4066,12,233
2026-09-04T11:35:03.164,706.808,4067,13,234
2026-09-04T11:35:03.364,707.008,4067,13,233
2026-09-04T11:35:03.564,707.208,4067,13,233
2026-09-04T11:35:03.764,707.408,4066,13,233
2026-09-04T11:35:03.964,707.608,4066,15,233
2026-09-04T11:35:04.164,707.808,4067,13,233
2026-09-04T11:35:04.364,708.008,4067,15,234
2026-09-04T11:35:04.564,708.207,4067,14,233
2026-09-04T11:35:04.764,708.407,4066,14,233
2026-09-04T11:35:04.963,708.607,4066,14,233
2026-09-04T11:35:05.163,708.807,4066,13,233
2026-09-04T11:35:05.363,709.007,4067,15,233
2026-09-04T11:35:05.563,709.207,4067,11,233
2026-09-04T11:35:05.763,709.406,4067,14,233
2026-09-04T11:35:05.962,709.606,4067,12,234
2026-09-04T11:35:06.162,709.806,4066,13,233
2026-09-04T11:35:06.362,710.006,4066,14,233
2026-09-04T11:35:06.562,710.206,4066,12,233
2026-09-04T11:35:06.762,710.405,4066,13,233
2026-09-04T11:35:06.962,710.606,4066,13,233
2026-09-04T11:35:07.162,710.806,4067,13,233
2026-09-04T11:35:07.361,711.005,4066,14,233
2026-09-04T11:35:07.562,711.205,4067,15,233
2026-09-04T11:35:07.761,711.405,4067,15,234
2026-09-04T11:35:07.961,711.605,4067,14,233
2026-09-04T11:35:08.161,711.805,4067,15,233
2026-09-04T11:35:08.361,712.005,4067,12,233
2026-09-04T11:35:08.561,712.204,4067,12,234
2026-09-04T11:35:08.761,712.404,4066,13,234
2026-09-04T11:35:08.960,712.604,4067,12,233
2026-09-04T11:35:09.160,712.804,4067,14,233
2026-09-04T11:35:09.360,713.004,4067,13,233
2026-09-04T11:35:09.560,713.204,4066,15,233
2026-09-04T11:35:09.760,713.403,4067,13,233
2026-09-04T11:35:09.960,713.603,4067,15,234
2026-09-04T11:35:10.159,713.803,4067,13,233
2026-09-04T11:35:10.360,714.003,4067,14,233
2026-09-04T11:35:10.559,714.203,4066,14,234
2026-09-04T11:35:10.759,714.403,4067,14,233
2026-09-04T11:35:10.959,714.603,4067,15,233
2026-09-04T11:35:11.159,714.803,4066,11,234
2026-09-04T11:35:11.358,715.002,4066,14,233
2026-09-04T11:35:11.559,715.202,4067,12,234
2026-09-04T11:35:11.758,715.402,4067,13,234
2026-09-04T11:35:11.958,715.602,4067,14,234
2026-09-04T11:35:12.158,715.802,4067,12,234
2026-09-04T11:35:12.358,716.002,4066,13,234
2026-09-04T11:35:12.558,716.201,4066,14,234
2026-09-04T11:35:12.758,716.402,4067,13,234
2026-09-04T11:35:12.957,716.601,4066,13,234
2026-09-04T11:35:13.157,716.801,4067,15,234
2026-09-04T11:35:13.357,717.001,4067,14,234
2026-09-04T11:35:13.557,717.200,4066,15,234
2026-09-04T11:35:13.757,717.400,4066,14,234
2026-09-04T11:35:13.956,717.600,4067,12,234
2026-09-04T11:35:14.156,717.800,4067,12,234
2026-09-04T11:35:14.356,718.000,4066,13,235
2026-09-04T11:35:14.556,718.200,4067,12,234
2026-09-04T11:35:14.756,718.400,4066,13,234
2026-09-04T11:35:14.956,718.600,4067,14,235
2026-09-04T11:35:15.156,718.799,4066,15,235
2026-09-04T11:35:15.355,718.999,4067,13,234
2026-09-04T11:35:15.555,719.199,4066,15,234
2026-09-04T11:35:15.755,719.399,4066,13,234
2026-09-04T11:35:15.955,719.599,4067,14,234
2026-09-04T11:35:16.155,719.799,4067,14,235
2026-09-04T11:35:16.355,719.998,4066,14,234
2026-09-04T11:35:16.555,720.198,4066,12,234
2026-09-04T11:35:16.755,720.398,4066,12,234
2026-09-04T11:35:16.954,720.598,4066,14,235
2026-09-04T11:35:17.154,720.798,4067,12,235
2026-09-04T11:35:17.354,720.998,4066,13,234
2026-09-04T11:35:17.554,721.197,4067,14,234
2026-09-04T11:35:17.754,721.398,4066,12,235
2026-09-04T11:35:17.953,721.597,4066,13,235
2026-09-04T11:35:18.153,721.797,4067,14,235
2026-09-04T11:35:18.354,721.997,4067,13,234
2026-09-04T11:35:18.553,722.197,4067,14,235
2026-09-04T11:35:18.753,722.397,4067,14,235
2026-09-04T11:35:18.953,722.596,4067,16,235
2026-09-04T11:35:19.152,722.796,4067,12,234
2026-09-04T11:35:19.352,722.996,4068,14,235
2026-09-04T11:35:19.552,723.196,4067,13,234
2026-09-04T11:35:19.752,723.396,4067,12,235
2026-09-04T11:35:19.952,723.596,4066,13,234
2026-09-04T11:35:20.152,723.795,4067,12,234
2026-09-04T11:35:20.352,723.995,4067,13,235
2026-09-04T11:35:20.551,724.195,4067,13,235
2026-09-04T11:35:20.751,724.395,4067,15,234
2026-09-04T11:35:20.951,724.595,4066,13,235
2026-09-04T11:35:21.151,724.794,4066,15,234
2026-09-04T11:35:21.351,724.994,4067,15,235
2026-09-04T11:35:21.551,725.194,4067,13,235
2026-09-04T11:35:21.750,725.394,4066,12,234
2026-09-04T11:35:21.950,725.594,4066,13,235
2026-09-04T11:35:22.150,725.794,4066,12,235
2026-09-04T11:35:22.350,725.993,4067,11,235
2026-09-04T11:35:22.550,726.193,4067,14,235
2026-09-04T11:35:22.750,726.394,4067,12,234
2026-09-04T11:35:22.949,726.593,4067,13,234
2026-09-04T11:35:23.150,726.793,4067,14,235
2026-09-04T11:35:23.349,726.993,4066,12,234
2026-09-04T11:35:23.549,727.193,4067,13,234
2026-09-04T11:35:23.748,727.392,4066,14,235
2026-09-04T11:35:23.948,727.592,4066,16,234
2026-09-04T11:35:24.148,727.792,4066,14,235
2026-09-04T11:35:24.348,727.992,4067,14,235
2026-09-04T11:35:24.548,728.192,4067,14,234
2026-09-04T11:35:24.748,728.392,4067,12,235
2026-09-04T11:35:24.948,728.591,4067,14,235
2026-09-04T11:35:25.147,728.791,4067,12,235
2026-09-04T11:35:25.347,728.991,4067,11,235
2026-09-04T11:35:25.547,729.191,4067,14,235
2026-09-04T11:35:25.747,729.391,4066,13,234
2026-09-04T11:35:25.947,729.590,4066,13,235
2026-09-04T11:35:26.147,729.790,4066,14,235
2026-09-04T11:35:26.346,729.990,4067,13,234
2026-09-04T11:35:26.546,730.190,4066,14,235
2026-09-04T11:35:26.746,730.390,4065,14,235
2026-09-04T11:35:26.946,730.590,4066,15,235
2026-09-04T11:35:27.146,730.790,4067,14,235
2026-09-04T11:35:27.346,730.989,4067,12,235
2026-09-04T11:35:27.545,731.189,4067,15,235
2026-09-04T11:35:27.745,731.389,4066,12,235
2026-09-04T11:35:27.945,731.588,4067,14,235
2026-09-04T11:35:28.145,731.789,4067,13,235
2026-09-04T11:35:28.345,731.988,4066,12,235
2026-09-04T11:35:28.544,732.188,4067,13,234
2026-09-04T11:35:28.744,732.388,4066,15,235
2026-09-04T11:35:28.944,732.588,4067,13,235
2026-09-04T11:35:29.144,732.788,4067,14,235
2026-09-04T11:35:29.344,732.987,4067,15,235
2026-09-04T11:35:29.543,733.187,4067,13,235
2026-09-04T11:35:29.743,733.387,4067,15,235
2026-09-04T11:35:29.943,733.587,4066,13,235
2026-09-04T11:35:30.143,733.787,4066,14,234
2026-09-04T11:35:30.343,733.986,4067,12,235
2026-09-04T11:35:30.543,734.186,4067,14,235
2026-09-04T11:35:30.743,734.386,4067,12,235
2026-09-04T11:35:30.942,734.586,4066,13,235
2026-09-04T11:35:31.143,734.786,4067,14,235
2026-09-04T11:35:31.342,734.986,4067,12,234
2026-09-04T11:35:31.542,735.186,4067,13,235
2026-09-04T11:35:31.742,735.386,4066,14,235
2026-09-04T11:35:31.941,735.585,4066,13,235
2026-09-04T11:35:32.142,735.785,4067,14,235
2026-09-04T11:35:32.341,735.985,4067,15,235
2026-09-04T11:35:32.541,736.185,4066,15,235
2026-09-04T11:35:32.741,736.385,4067,13,235
2026-09-04T11:35:32.941,736.584,4067,14,234
2026-09-04T11:35:33.141,736.784,4067,14,235
2026-09-04T11:35:33.340,736.984,4067,12,234
2026-09-04T11:35:33.540,737.184,4067,13,235
2026-09-04T11:35:33.740,737.384,4066,12,234
2026-09-04T11:35:33.940,737.584,4067,13,234
2026-09-04T11:35:34.140,737.783,4066,13,235
2026-09-04T11:35:34.340,737.984,4066,15,235
2026-09-04T11:35:34.540,738.183,4067,13,235
2026-09-04T11:35:34.739,738.383,4066,15,235
2026-09-04T11:35:34.939,738.583,4066,14,234
2026-09-04T11:35:35.139,738.783,4067,14,235
2026-09-04T11:35:35.339,738.982,4067,14,234
2026-09-04T11:35:35.539,739.182,4066,14,235
2026-09-04T11:35:35.738,739.382,4067,14,234
2026-09-04T11:35:35.938,739.582,4067,12,234
2026-09-04T11:35:36.138,739.782,4067,14,234
2026-09-04T11:35:36.338,739.982,4066,12,234
2026-09-04T11:35:36.538,740.181,4067,14,234
2026-09-04T11:35:36.737,740.381,4067,13,234
2026-09-04T11:35:36.937,740.581,4067,13,234
2026-09-04T11:35:37.137,740.781,4066,13,234
2026-09-04T11:35:37.337,740.981,4067,14,234
2026-09-04T11:35:37.537,741.180,4067,13,234
2026-09-04T11:35:37.737,741.380,4066,13,234
2026-09-04T11:35:37.936,741.580,4066,15,234
2026-09-04T11:35:38.136,741.780,4067,14,234
2026-09-04T11:35:38.336,741.980,4066,15,234
2026-09-04T11:35:38.536,742.180,4067,14,234
2026-09-04T11:35:38.736,742.379,4067,12,234
2026-09-04T11:35:38.936,742.580,4067,12,234
2026-09-04T11:35:39.136,742.780,4067,13,234
2026-09-04T11:35:39.335,742.979,4067,13,234
2026-09-04T11:35:39.535,743.179,4067,13,233
2026-09-04T11:35:39.735,743.378,4066,14,234
2026-09-04T11:35:39.935,743.578,4067,15,234
2026-09-04T11:35:40.134,743.778,4066,13,234
2026-09-04T11:35:40.334,743.978,4066,15,234
2026-09-04T11:35:40.534,744.178,4067,13,234
2026-09-04T11:35:40.734,744.378,4067,15,234
2026-09-04T11:35:40.934,744.577,4067,11,234
2026-09-04T11:35:41.133,744.777,4067,15,233
2026-09-04T11:35:41.333,744.977,4067,12,234
2026-09-04T11:35:41.533,745.177,4067,13,234
2026-09-04T11:35:41.733,745.377,4067,14,234
2026-09-04T11:35:41.933,745.576,4067,12,234
2026-09-04T11:35:42.133,745.777,4066,13,233
2026-09-04T11:35:42.332,745.976,4067,13,234
2026-09-04T11:35:42.532,746.176,4066,13,234
2026-09-04T11:35:42.732,746.376,4067,13,233
2026-09-04T11:35:42.932,746.576,4066,14,234
2026-09-04T11:35:43.132,746.776,4067,15,233
2026-09-04T11:35:43.332,746.976,4066,14,234
2026-09-04T11:35:43.531,747.175,4067,14,234
2026-09-04T11:35:43.731,747.375,4067,14,234
2026-09-04T11:35:43.931,747.575,4067,12,233
2026-09-04T11:35:44.132,747.775,4067,14,234
2026-09-04T11:35:44.331,747.975,4066,12,233
2026-09-04T11:35:44.531,748.175,4067,12,234
2026-09-04T11:35:44.731,748.374,4067,13,233
2026-09-04T11:35:44.930,748.574,4066,12,233
2026-09-04T11:35:45.130,748.774,4066,13,234
2026-09-04T11:35:45.330,748.974,4067,14,234
2026-09-04T11:35:45.530,749.174,4067,14,233
2026-09-04T11:35:45.730,749.373,4067,13,234
2026-09-04T11:35:45.930,749.573,4067,15,233
2026-09-04T11:35:46.129,749.773,4067,13,234
2026-09-04T11:35:46.329,749.973,4066,15,233
2026-09-04T11:35:46.529,750.173,4068,11,234
2026-09-04T11:35:46.729,750.373,4067,15,233
2026-09-04T11:35:46.929,750.573,4066,12,234
2026-09-04T11:35:47.129,750.772,4067,13,233
2026-09-04T11:35:47.329,750.972,4066,14,234
2026-09-04T11:35:47.528,751.172,4066,12,233
2026-09-04T11:35:47.728,751.372,4067,13,233
2026-09-04T11:35:47.928,751.572,4067,12,234
2026-09-04T11:35:48.128,751.772,4066,13,234
2026-09-04T11:35:48.328,751.972,4066,13,233
2026-09-04T11:35:48.528,752.171,4067,15,234
2026-09-04T11:35:48.728,752.371,4067,14,233
2026-09-04T11:35:48.927,752.571,4067,15,234
2026-09-04T11:35:49.127,752.771,4067,14,233
2026-09-04T11:35:49.327,752.971,4067,14,234
2026-09-04T11:35:49.527,753.171,4067,12,233
2026-09-04T11:35:49.727,753.370,4067,13,234
2026-09-04T11:35:49.927,753.571,4066,12,233
2026-09-04T11:35:50.126,753.770,4067,11,234
2026-09-04T11:35:50.326,753.970,4066,14,233
2026-09-04T11:35:50.526,754.170,4067,12,233
2026-09-04T11:35:50.726,754.370,4066,13,233
2026-09-04T11:35:50.926,754.570,4066,14,234
2026-09-04T11:35:51.126,754.769,4067,12,233
2026-09-04T11:35:51.326,754.970,4067,13,234
2026-09-04T11:35:51.525,755.169,4066,14,233
2026-09-04T11:35:51.726,755.369,4067,15,234
2026-09-04T11:35:51.925,755.569,4067,14,233
2026-09-04T11:35:52.126,755.770,4067,13,234
2026-09-04T11:35:52.325,755.969,4066,15,233
2026-09-04T11:35:52.525,756.169,4067,12,234
2026-09-04T11:35:52.725,756.368,4067,14,233
2026-09-04T11:35:52.925,756.569,4067,12,234
2026-09-04T11:35:53.124,756.768,4067,12,234
2026-09-04T11:35:53.324,756.968,4067,13,233
2026-09-04T11:35:53.524,757.168,4066,12,233
2026-09-04T11:35:53.724,757.368,4067,13,234
2026-09-04T11:35:53.924,757.568,4066,14,233
2026-09-04T11:35:54.124,757.767,4067,14,233
2026-09-04T11:35:54.323,757.967,4066,14,234
2026-09-04T11:35:54.524,758.167,4066,14,233
2026-09-04T11:35:54.723,758.367,4066,14,234
2026-09-04T11:35:54.923,758.567,4066,14,234
2026-09-04T11:35:55.123,758.767,4067,13,234
2026-09-04T11:35:55.323,758.967,4067,15,233
2026-09-04T11:35:55.523,759.166,4066,12,234
2026-09-04T11:35:55.723,759.366,4066,14,233
2026-09-04T11:35:55.922,759.566,4067,12,234
2026-09-04T11:35:56.122,759.766,4067,12,233
2026-09-04T11:35:56.322,759.966,4067,13,233
2026-09-04T11:35:56.522,760.165,4067,12,234
2026-09-04T11:35:56.722,760.365,4066,14,234
2026-09-04T11:35:56.921,760.565,4067,14,234
2026-09-04T11:35:57.121,760.765,4067,15,234
2026-09-04T11:35:57.321,760.965,4066,13,233
2026-09-04T11:35:57.521,761.165,4066,15,234
2026-09-04T11:35:57.721,761.365,4067,13,234
2026-09-04T11:35:57.921,761.565,4067,14,234
2026-09-04T11:35:58.121,761.765,4067,11,233
2026-09-04T11:35:58.320,761.964,4066,15,234
2026-09-04T11:35:58.520,762.164,4067,12,233
2026-09-04T11:35:58.720,762.364,4067,13,234
2026-09-04T11:35:58.920,762.564,4067,14,233
2026-09-04T11:35:59.120,762.764,4066,12,233
2026-09-04T11:35:59.320,762.963,4066,13,233
2026-09-04T11:35:59.519,763.163,4067,12,234
2026-09-04T11:35:59.719,763.363,4067,13,233
2026-09-04T11:35:59.919,763.563,4067,14,234
2026-09-04T11:36:00.119,763.763,4067,15,233
2026-09-04T11:36:00.319,763.963,4067,14,234
2026-09-04T11:36:00.519,764.162,4067,15,233
2026-09-04T11:36:00.719,764.362,4067,14,234
2026-09-04T11:36:00.919,764.562,4066,13,233
2026-09-04T11:36:01.118,764.762,4067,12,233
2026-09-04T11:36:01.318,764.962,4067,13,233
2026-09-04T11:36:01.518,765.162,4066,13,233
2026-09-04T11:36:01.718,765.362,4067,11,234
2026-09-04T11:36:01.917,765.561,4066,14,233
2026-09-04T11:36:02.117,765.761,4067,12,233
2026-09-04T11:36:02.317,765.961,4067,13,233
2026-09-04T11:36:02.518,766.161,4067,14,233
2026-09-04T11:36:02.717,766.361,4066,12,233
2026-09-04T11:36:02.917,766.561,4067,14,233
2026-09-04T11:36:03.117,766.760,4066,14,233
2026-09-04T11:36:03.316,766.960,4067,16,233
2026-09-04T11:36:03.516,767.160,4067,13,233
2026-09-04T11:36:03.716,767.360,4067,15,233
2026-09-04T11:36:03.916,767.560,4066,13,233
2026-09-04T11:36:04.116,767.760,4067,12,233
2026-09-04T11:36:04.316,767.959,4066,13,233
2026-09-04T11:36:04.516,768.159,4066,12,234
2026-09-04T11:36:04.716,768.359,4067,11,233
2026-09-04T11:36:04.915,768.559,4067,14,233
2026-09-04T11:36:05.116,768.759,4067,15,233
2026-09-04T11:36:05.315,768.959,4067,13,233
2026-09-04T11:36:05.515,769.159,4066,15,233
2026-09-04T11:36:05.715,769.359,4067,14,234
2026-09-04T11:36:05.914,769.558,4067,14,233
2026-09-04T11:36:06.115,769.758,4067,14,233
2026-09-04T11:36:06.315,769.958,4067,14,233
2026-09-04T11:36:06.514,770.158,4066,14,234
2026-09-04T11:36:06.714,770.358,4066,12,233
2026-09-04T11:36:06.914,770.558,4067,16,233
2026-09-04T11:36:07.114,770.758,4067,12,233
2026-09-04T11:36:07.314,770.957,4066,14,234
2026-09-04T11:36:07.513,771.157,4067,14,233
2026-09-04T11:36:07.713,771.357,4067,12,233
2026-09-04T11:36:07.913,771.557,4066,13,233
2026-09-04T11:36:08.113,771.757,4068,14,233
2026-09-04T11:36:08.313,771.957,4066,13,233
2026-09-04T11:36:08.513,772.156,4067,14,234
2026-09-04T11:36:08.713,772.356,4067,15,233
2026-09-04T11:36:08.912,772.556,4067,13,233
2026-09-04T11:36:09.112,772.756,4066,15,233
2026-09-04T11:36:09.312,772.956,4066,13,234
2026-09-04T11:36:09.512,773.156,4067,14,233
2026-09-04T11:36:09.712,773.356,4066,12,233
2026-09-04T11:36:09.912,773.555,4067,14,233
2026-09-04T11:36:10.111,773.755,4067,12,234
2026-09-04T11:36:10.311,773.955,4067,13,234
2026-09-04T11:36:10.511,774.155,4067,14,233
2026-09-04T11:36:10.711,774.355,4067,12,232
2026-09-04T11:36:10.911,774.554,4067,13,234
2026-09-04T11:36:11.111,774.755,4067,14,233
2026-09-04T11:36:11.311,774.954,4067,13,234
2026-09-04T11:36:11.510,775.154,4067,14,233
2026-09-04T11:36:11.710,775.354,4067,15,234
2026-09-04T11:36:11.910,775.554,4066,15,234
2026-09-04T11:36:12.110,775.754,4067,15,234
2026-09-04T11:36:12.310,775.953,4067,14,233
2026-09-04T11:36:12.509,776.153,4067,13,234
2026-09-04T11:36:12.709,776.353,4067,12,233
2026-09-04T11:36:12.909,776.553,4066,13,234
2026-09-04T11:36:13.109,776.753,4067,12,234
2026-09-04T11:36:13.309,776.953,4067,13,233
2026-09-04T11:36:13.509,777.153,4067,14,233
2026-09-04T11:36:13.708,777.352,4066,14,234
2026-09-04T11:36:13.908,777.552,4066,13,233
2026-09-04T11:36:14.108,777.752,4066,14,234
2026-09-04T11:36:14.308,777.952,4066,13,233
2026-09-04T11:36:14.508,778.152,4067,15,234
2026-09-04T11:36:14.708,778.352,4067,14,234
2026-09-04T11:36:14.908,778.551,4066,16,234
2026-09-04T11:36:15.107,778.751,4067,13,233
2026-09-04T11:36:15.307,778.951,4067,14,233
2026-09-04T11:36:15.507,779.151,4067,14,234
2026-09-04T11:36:15.707,779.351,4066,12,234
2026-09-04T11:36:15.907,779.551,4067,13,234
2026-09-04T11:36:16.107,779.751,4067,12,234
2026-09-04T11:36:16.307,779.950,4066,14,233
2026-09-04T11:36:16.506,780.150,4067,13,234
2026-09-04T11:36:16.706,780.350,4067,15,234
2026-09-04T11:36:16.906,780.550,4067,13,234
2026-09-04T11:36:17.106,780.750,4067,15,234
2026-09-04T11:36:17.306,780.949,4066,13,234
2026-09-04T11:36:17.506,781.149,4067,15,234
2026-09-04T11:36:17.706,781.349,4066,14,234
2026-09-04T11:36:17.905,781.549,4067,15,235
2026-09-04T11:36:18.105,781.749,4067,14,234
