elapsed_s,V_mV,I_mA,soc_ref_pct,soc_mcu_pct,err_pct,err_nobias_pct,state
0.0,4151,0,100.00,98.29,-1.71,+0.00,idle
5.0,4151,0,100.00,98.27,-1.73,-0.02,idle
10.0,4152,0,100.00,98.34,-1.66,+0.05,idle
15.0,4152,0,100.00,98.34,-1.66,+0.05,idle
20.0,4151,0,100.00,98.33,-1.67,+0.04,idle
25.0,4151,0,100.00,98.35,-1.65,+0.06,idle
30.0,4151,0,100.00,98.36,-1.64,+0.07,idle
35.0,4151,0,100.00,98.34,-1.66,+0.05,idle
40.0,4152,0,100.00,98.40,-1.60,+0.11,idle
45.0,4152,0,100.00,98.38,-1.62,+0.09,idle
50.0,4152,0,100.00,98.40,-1.60,+0.11,idle
55.0,4151,0,100.00,98.40,-1.60,+0.11,idle
60.0,4151,0,100.00,98.39,-1.61,+0.10,idle
65.0,4152,0,100.00,98.42,-1.58,+0.13,idle
70.0,4151,0,100.00,98.41,-1.59,+0.12,idle
75.0,4151,0,100.00,98.40,-1.60,+0.11,idle
80.0,4142,98,100.00,98.28,-1.72,-0.01,load
85.0,3991,2003,99.96,96.13,-3.83,-2.12,load
90.0,3976,2002,99.87,94.97,-4.90,-3.19,load
94.9,3966,2002,99.79,94.41,-5.38,-3.67,load
99.9,3958,2002,99.71,94.06,-5.65,-3.94,load
104.9,3953,2003,99.62,93.75,-5.87,-4.16,load
109.9,3948,2002,99.54,93.52,-6.02,-4.31,load
114.9,3943,2003,99.46,93.33,-6.13,-4.42,load
119.9,3940,2003,99.38,93.20,-6.18,-4.47,load
124.9,3937,2002,99.29,93.06,-6.23,-4.52,load
129.9,3933,2002,99.21,92.94,-6.27,-4.56,load
134.9,3932,2002,99.13,92.82,-6.31,-4.60,load
139.9,3930,2002,99.04,92.73,-6.31,-4.60,load
144.9,3927,2004,98.96,92.62,-6.34,-4.63,load
149.9,3925,2003,98.88,92.55,-6.33,-4.62,load
154.9,3923,2003,98.79,92.41,-6.38,-4.67,load
159.9,3921,2003,98.71,92.34,-6.37,-4.66,load
164.9,3920,2003,98.63,92.26,-6.37,-4.66,load
169.9,3918,2003,98.55,92.16,-6.39,-4.68,load
174.9,3917,2003,98.46,92.09,-6.37,-4.66,load
179.9,3916,2003,98.38,92.01,-6.37,-4.66,load
184.9,3915,2003,98.30,91.94,-6.36,-4.65,load
189.9,3913,2003,98.21,91.84,-6.37,-4.66,load
194.9,3913,2003,98.13,91.78,-6.35,-4.64,load
199.9,3912,2003,98.05,91.71,-6.34,-4.63,load
204.9,3911,2003,97.96,91.64,-6.32,-4.61,load
209.9,3908,2002,97.88,91.54,-6.34,-4.63,load
214.9,3908,2003,97.80,91.46,-6.34,-4.63,load
219.9,3908,2002,97.72,91.41,-6.31,-4.60,load
224.9,3907,2002,97.63,91.33,-6.30,-4.59,load
229.9,3907,2002,97.55,91.28,-6.27,-4.56,load
234.9,3906,2002,97.47,91.22,-6.25,-4.54,load
239.9,3905,2002,97.38,91.15,-6.23,-4.52,load
244.9,3905,2003,97.30,91.06,-6.24,-4.53,load
249.9,3903,2002,97.22,90.98,-6.24,-4.53,load
254.9,3903,2002,97.13,90.90,-6.23,-4.52,load
259.9,3902,2002,97.05,90.83,-6.22,-4.51,load
264.9,3901,2003,96.97,90.78,-6.19,-4.48,load
269.9,3901,2003,96.89,90.71,-6.18,-4.47,load
274.9,3900,2002,96.80,90.64,-6.16,-4.45,load
279.9,3900,2003,96.72,90.58,-6.14,-4.43,load
284.9,3898,2002,96.64,90.49,-6.15,-4.44,load
289.8,3898,2003,96.55,90.41,-6.14,-4.43,load
294.8,3898,2003,96.47,90.33,-6.14,-4.43,load
299.8,3897,2003,96.39,90.27,-6.12,-4.41,load
304.8,3897,2003,96.30,90.22,-6.08,-4.37,load
309.8,3896,2002,96.22,90.14,-6.08,-4.37,load
314.8,3896,2003,96.14,90.08,-6.06,-4.35,load
319.8,3896,2003,96.06,90.02,-6.04,-4.33,load
324.8,3895,2003,95.97,89.98,-5.99,-4.28,load
329.8,3895,2003,95.89,89.90,-5.99,-4.28,load
334.8,3893,2003,95.81,89.81,-6.00,-4.29,load
339.8,3893,2003,95.72,89.75,-5.97,-4.26,load
344.8,3893,2002,95.64,89.67,-5.97,-4.26,load
349.8,3893,2002,95.56,89.61,-5.95,-4.24,load
354.8,3892,2003,95.48,89.55,-5.93,-4.22,load
359.8,3892,2003,95.39,89.33,-6.06,-4.35,load
364.8,3891,2002,95.31,89.20,-6.11,-4.40,load
369.8,3891,2003,95.23,89.11,-6.12,-4.41,load
374.8,3890,2003,95.14,89.02,-6.12,-4.41,load
379.8,3890,2003,95.06,88.91,-6.15,-4.44,load
384.8,3890,2003,94.98,88.84,-6.14,-4.43,load
389.8,3890,2002,94.89,88.72,-6.17,-4.46,load
394.8,3888,2002,94.81,88.61,-6.20,-4.49,load
399.8,3888,2002,94.73,88.53,-6.20,-4.49,load
404.8,3887,2002,94.65,88.42,-6.23,-4.52,load
409.8,3887,2002,94.56,88.33,-6.23,-4.52,load
414.8,3886,2002,94.48,88.23,-6.25,-4.54,load
419.8,3886,2002,94.40,88.16,-6.24,-4.53,load
424.8,3886,2002,94.31,88.07,-6.24,-4.53,load
429.8,3886,2003,94.23,87.98,-6.25,-4.54,load
434.8,3883,2002,94.15,87.86,-6.29,-4.58,load
439.8,3883,2003,94.06,87.77,-6.29,-4.58,load
444.8,3883,2002,93.98,87.69,-6.29,-4.58,load
449.8,3883,2002,93.90,87.60,-6.30,-4.59,load
454.8,3883,2002,93.82,87.51,-6.31,-4.60,load
459.8,3882,2002,93.73,87.42,-6.31,-4.60,load
464.7,3881,2003,93.65,87.33,-6.32,-4.61,load
469.7,3882,2002,93.57,87.26,-6.31,-4.60,load
474.7,3881,2003,93.48,87.17,-6.31,-4.60,load
479.7,3881,2004,93.40,87.10,-6.30,-4.59,load
484.7,3880,2002,93.32,87.00,-6.32,-4.61,load
489.7,3880,2002,93.23,86.93,-6.30,-4.59,load
494.7,3880,2003,93.15,86.84,-6.31,-4.60,load
499.7,3878,2003,93.07,86.71,-6.36,-4.65,load
504.7,3878,2002,92.99,86.64,-6.35,-4.64,load
509.7,3877,2003,92.90,86.56,-6.34,-4.63,load
514.7,3877,2002,92.82,86.48,-6.34,-4.63,load
519.7,3877,2003,92.74,86.39,-6.35,-4.64,load
524.7,3876,2003,92.65,86.31,-6.34,-4.63,load
529.7,3876,2002,92.57,86.23,-6.34,-4.63,load
534.7,3873,2003,92.49,86.13,-6.36,-4.65,load
539.7,3875,2003,92.41,86.07,-6.34,-4.63,load
544.7,3875,2003,92.32,85.98,-6.34,-4.63,load
549.7,3873,2002,92.24,85.87,-6.37,-4.66,load
554.7,3873,2002,92.16,85.82,-6.34,-4.63,load
559.7,3873,2002,92.07,85.72,-6.35,-4.64,load
564.7,3873,2003,91.99,85.66,-6.33,-4.62,load
569.7,3873,2003,91.91,85.58,-6.33,-4.62,load
574.7,3871,2002,91.82,85.48,-6.34,-4.63,load
579.7,3872,2002,91.74,85.41,-6.33,-4.62,load
584.7,3871,2003,91.66,85.34,-6.32,-4.61,load
589.7,3871,2004,91.58,85.27,-6.31,-4.60,load
594.7,3870,2002,91.49,85.18,-6.31,-4.60,load
599.7,3871,2002,91.41,85.12,-6.29,-4.58,load
604.7,3870,2003,91.33,85.03,-6.30,-4.59,load
609.7,3868,2002,91.24,84.94,-6.30,-4.59,load
614.7,3868,2003,91.16,84.85,-6.31,-4.60,load
619.7,3868,2002,91.08,84.79,-6.29,-4.58,load
624.7,3868,2003,90.99,84.71,-6.28,-4.57,load
629.6,3867,2002,90.91,84.64,-6.27,-4.56,load
634.6,3867,2002,90.83,84.56,-6.27,-4.56,load
639.6,3867,2002,90.75,84.48,-6.27,-4.56,load
644.6,3866,2003,90.66,84.42,-6.24,-4.53,load
649.6,3866,2002,90.58,84.36,-6.22,-4.51,load
654.6,3865,2002,90.50,84.28,-6.22,-4.51,load
659.6,3865,2002,90.41,84.21,-6.20,-4.49,load
664.6,3863,2002,90.33,84.11,-6.22,-4.51,load
669.6,3863,2002,90.25,84.03,-6.22,-4.51,load
674.6,3863,2002,90.16,83.95,-6.21,-4.50,load
679.6,3863,2004,90.08,83.90,-6.18,-4.47,load
684.6,3862,2004,90.00,83.83,-6.17,-4.46,load
689.6,3862,2002,89.92,83.76,-6.16,-4.45,load
694.6,3862,2003,89.83,83.69,-6.14,-4.43,load
699.6,3862,2002,89.75,83.63,-6.12,-4.41,load
704.6,3861,2003,89.67,83.56,-6.11,-4.40,load
709.6,3861,2002,89.58,83.48,-6.10,-4.39,load
714.6,3861,2002,89.50,83.42,-6.08,-4.37,load
719.6,3860,2003,89.42,83.36,-6.06,-4.35,load
724.6,3860,2003,89.34,83.30,-6.04,-4.33,load
729.6,3860,2002,89.25,83.24,-6.01,-4.30,load
734.6,3858,2002,89.17,83.15,-6.02,-4.31,load
739.6,3860,2002,89.09,83.10,-5.99,-4.28,load
744.6,3860,2003,89.00,83.04,-5.96,-4.25,load
749.6,3858,2003,88.92,82.95,-5.97,-4.26,load
754.6,3857,2002,88.84,82.88,-5.96,-4.25,load
759.6,3857,2003,88.75,82.83,-5.92,-4.21,load
764.6,3857,2002,88.67,82.77,-5.90,-4.19,load
769.6,3857,2002,88.59,82.71,-5.88,-4.17,load
774.6,3857,2002,88.51,82.66,-5.85,-4.14,load
779.6,3857,2003,88.42,82.60,-5.82,-4.11,load
784.6,3857,2003,88.34,82.54,-5.80,-4.09,load
789.6,3856,2003,88.26,82.48,-5.78,-4.07,load
794.6,3856,2002,88.17,82.43,-5.74,-4.03,load
799.5,3855,2003,88.09,82.35,-5.74,-4.03,load
804.5,3855,2003,88.01,82.30,-5.71,-4.00,load
809.5,3855,2002,87.92,82.25,-5.67,-3.96,load
814.5,3855,2002,87.84,82.18,-5.66,-3.95,load
819.5,3855,2003,87.76,82.14,-5.62,-3.91,load
824.5,3855,2003,87.68,82.07,-5.61,-3.90,load
829.5,3853,2003,87.59,81.99,-5.60,-3.89,load
834.5,3853,2003,87.51,81.93,-5.58,-3.87,load
839.5,3853,2003,87.43,81.89,-5.54,-3.83,load
844.5,3852,2002,87.34,81.82,-5.52,-3.81,load
849.5,3852,2004,87.26,81.77,-5.49,-3.78,load
854.5,3853,2002,87.18,81.73,-5.45,-3.74,load
859.5,3852,2003,87.09,81.67,-5.42,-3.71,load
864.5,3852,2004,87.01,81.61,-5.40,-3.69,load
869.5,3851,2004,86.93,81.56,-5.37,-3.66,load
874.5,3852,2003,86.85,81.52,-5.33,-3.62,load
879.5,3851,2004,86.76,81.46,-5.30,-3.59,load
884.5,3851,2004,86.68,81.41,-5.27,-3.56,load
889.5,3851,2004,86.60,81.35,-5.25,-3.54,load
894.5,3850,2004,86.51,81.30,-5.21,-3.50,load
899.5,3850,2004,86.43,81.24,-5.19,-3.48,load
904.5,3848,2003,86.35,81.18,-5.17,-3.46,load
909.5,3850,2004,86.26,81.14,-5.12,-3.41,load
914.5,3848,2004,86.18,81.06,-5.12,-3.41,load
919.5,3848,2003,86.10,81.01,-5.09,-3.38,load
924.5,3848,2004,86.02,80.95,-5.07,-3.36,load
929.5,3848,2003,85.93,80.91,-5.02,-3.31,load
934.5,3848,2003,85.85,80.86,-4.99,-3.28,load
939.5,3847,2004,85.77,80.81,-4.96,-3.25,load
944.5,3847,2003,85.68,80.75,-4.93,-3.22,load
949.5,3846,2003,85.60,80.70,-4.90,-3.19,load
954.5,3846,2004,85.52,80.64,-4.88,-3.17,load
959.5,3846,2005,85.43,80.61,-4.82,-3.11,load
964.5,3980,0,85.36,80.81,-4.55,-2.84,idle
969.4,3996,0,85.36,81.62,-3.74,-2.03,idle
974.4,4003,0,85.36,81.90,-3.46,-1.75,idle
979.4,4011,0,85.36,82.11,-3.25,-1.54,idle
984.4,4016,0,85.36,82.26,-3.10,-1.39,idle
989.4,4020,0,85.36,82.38,-2.98,-1.27,idle
994.4,4023,0,85.36,82.44,-2.92,-1.21,idle
999.4,4027,0,85.36,82.54,-2.82,-1.11,idle
1004.4,4030,0,85.36,82.62,-2.74,-1.03,idle
1009.4,4032,0,85.36,82.68,-2.68,-0.97,idle
1014.4,4035,0,85.36,82.73,-2.63,-0.92,idle
1019.4,4037,0,85.36,82.81,-2.55,-0.84,idle
1024.4,4037,0,85.36,82.81,-2.55,-0.84,idle
1029.4,4038,0,85.36,82.84,-2.52,-0.81,idle
1034.4,4041,0,85.36,82.91,-2.45,-0.74,idle
1039.4,4042,0,85.36,82.94,-2.42,-0.71,idle
1044.4,4042,0,85.36,82.96,-2.40,-0.69,idle
1049.4,4045,0,85.36,83.00,-2.36,-0.65,idle
1054.4,4045,0,85.36,83.04,-2.32,-0.61,idle
1059.4,4046,0,85.36,83.09,-2.27,-0.56,idle
1064.4,4046,0,85.36,83.10,-2.26,-0.55,idle
1069.4,4046,0,85.36,83.11,-2.25,-0.54,idle
1074.4,4047,0,85.36,83.13,-2.23,-0.52,idle
1079.4,4048,0,85.36,83.15,-2.21,-0.50,idle
1084.4,4050,0,85.36,83.18,-2.18,-0.47,idle
1089.4,4050,0,85.36,83.23,-2.13,-0.42,idle
1094.4,4050,0,85.36,83.25,-2.11,-0.40,idle
1099.4,4051,0,85.36,83.26,-2.10,-0.39,idle
1104.4,4051,0,85.36,83.28,-2.08,-0.37,idle
1109.4,4052,0,85.36,83.32,-2.04,-0.33,idle
1114.4,4051,0,85.36,83.33,-2.03,-0.32,idle
1119.4,4052,0,85.36,83.35,-2.01,-0.30,idle
1124.4,4052,0,85.36,83.36,-2.00,-0.29,idle
1129.4,4052,0,85.36,83.37,-1.99,-0.28,idle
1134.4,4053,0,85.36,83.39,-1.97,-0.26,idle
1139.3,4053,0,85.36,83.40,-1.96,-0.25,idle
1144.3,4053,0,85.36,83.42,-1.94,-0.23,idle
1149.3,4055,0,85.36,83.47,-1.89,-0.18,idle
1154.3,4055,0,85.36,83.49,-1.87,-0.16,idle
1159.3,4055,0,85.36,83.52,-1.84,-0.13,idle
1164.3,4056,0,85.36,83.56,-1.80,-0.09,idle
1169.3,4055,0,85.36,83.55,-1.81,-0.10,idle
1174.3,4055,0,85.36,83.58,-1.78,-0.07,idle
1179.3,4056,0,85.36,83.61,-1.75,-0.04,idle
1184.3,4056,0,85.36,83.62,-1.74,-0.03,idle
1189.3,4056,0,85.36,83.64,-1.72,-0.01,idle
1194.3,4057,0,85.36,83.66,-1.70,+0.01,idle
1199.3,4056,0,85.36,83.68,-1.68,+0.03,idle
1204.3,4057,0,85.36,83.70,-1.66,+0.05,idle
1209.3,4056,0,85.36,83.71,-1.65,+0.06,idle
1214.3,4056,0,85.36,83.73,-1.63,+0.08,idle
1219.3,4057,0,85.36,83.75,-1.61,+0.10,idle
1224.3,4057,0,85.36,83.76,-1.60,+0.11,idle
1229.3,4058,0,85.36,83.78,-1.58,+0.13,idle
1234.3,4058,0,85.36,83.80,-1.56,+0.15,idle
1239.3,4057,0,85.36,83.81,-1.55,+0.16,idle
1244.3,4058,0,85.36,83.83,-1.53,+0.18,idle
1249.3,4058,0,85.36,83.86,-1.50,+0.21,idle
1254.3,4058,0,85.36,83.87,-1.49,+0.22,idle
1259.3,4058,0,85.36,83.88,-1.48,+0.23,idle
1264.3,4058,0,85.36,83.89,-1.47,+0.24,idle
1269.3,4058,0,85.36,83.94,-1.42,+0.29,idle
1274.3,4060,0,85.36,83.96,-1.40,+0.31,idle
1279.2,4060,0,85.36,83.97,-1.39,+0.32,idle
1284.2,4058,0,85.36,83.99,-1.37,+0.34,idle
1289.2,4060,0,85.36,84.02,-1.34,+0.37,idle
1294.2,4058,0,85.36,84.03,-1.33,+0.38,idle
1299.2,4058,0,85.36,84.05,-1.31,+0.40,idle
1304.2,4058,0,85.36,84.05,-1.31,+0.40,idle
1309.2,4060,0,85.36,84.10,-1.26,+0.45,idle
1314.2,4061,0,85.36,84.13,-1.23,+0.48,idle
1319.2,4061,0,85.36,84.14,-1.22,+0.49,idle
1324.2,4061,0,85.36,84.15,-1.21,+0.50,idle
1329.2,4061,0,85.36,84.17,-1.19,+0.52,idle
1334.2,4061,0,85.36,84.18,-1.18,+0.53,idle
1339.2,4061,0,85.36,84.20,-1.16,+0.55,idle
1344.2,4061,0,85.36,84.22,-1.14,+0.57,idle
1349.2,4061,0,85.36,84.24,-1.12,+0.59,idle
1354.2,4061,0,85.36,84.26,-1.10,+0.61,idle
1359.2,4061,0,85.36,84.28,-1.08,+0.63,idle
1364.2,4062,0,85.36,84.30,-1.06,+0.65,idle
1369.2,4062,0,85.36,84.32,-1.04,+0.67,idle
1374.2,4062,0,85.36,84.32,-1.04,+0.67,idle
1379.2,4062,0,85.36,84.34,-1.02,+0.69,idle
1384.2,4062,0,85.36,84.36,-1.00,+0.71,idle
1389.2,4062,0,85.36,84.37,-0.99,+0.72,idle
1394.2,4062,0,85.36,84.39,-0.97,+0.74,idle
1399.2,4062,0,85.36,84.41,-0.95,+0.76,idle
1404.2,4062,0,85.36,84.42,-0.94,+0.77,idle
1409.2,4062,0,85.36,84.43,-0.93,+0.78,idle
1414.2,4062,0,85.36,84.44,-0.92,+0.79,idle
1419.2,4062,0,85.36,84.46,-0.90,+0.81,idle
1424.2,4062,0,85.36,84.48,-0.88,+0.83,idle
1429.1,4063,0,85.36,84.49,-0.87,+0.84,idle
1434.1,4063,0,85.36,84.51,-0.85,+0.86,idle
1439.1,4063,0,85.36,84.52,-0.84,+0.87,idle
1444.1,4062,0,85.36,84.54,-0.82,+0.89,idle
1449.1,4063,0,85.36,84.55,-0.81,+0.90,idle
1454.1,4062,0,85.36,84.56,-0.80,+0.91,idle
1459.1,4062,0,85.36,84.57,-0.79,+0.92,idle
1464.1,4063,0,85.36,84.59,-0.77,+0.94,idle
1469.1,4063,0,85.36,84.60,-0.76,+0.95,idle
1474.1,4063,0,85.36,84.62,-0.74,+0.97,idle
1479.1,4063,0,85.36,84.63,-0.73,+0.98,idle
1484.1,4063,0,85.36,84.64,-0.72,+0.99,idle
1489.1,4062,0,85.36,84.65,-0.71,+1.00,idle
1494.1,4063,0,85.36,84.69,-0.67,+1.04,idle
1499.1,4062,0,85.36,84.67,-0.69,+1.02,idle
1504.1,4065,0,85.36,84.71,-0.65,+1.06,idle
1509.1,4063,0,85.36,84.70,-0.66,+1.05,idle
1514.1,4065,0,85.36,84.75,-0.61,+1.10,idle
1519.1,4063,0,85.36,84.75,-0.61,+1.10,idle
1524.1,4065,0,85.36,84.77,-0.59,+1.12,idle
1529.1,4063,0,85.36,84.77,-0.59,+1.12,idle
1534.1,4065,0,85.36,84.81,-0.55,+1.16,idle
1539.1,4065,0,85.36,84.83,-0.53,+1.18,idle
1544.1,4065,0,85.36,84.84,-0.52,+1.19,idle
1549.1,4065,0,85.36,84.86,-0.50,+1.21,idle
1554.1,4065,0,85.36,84.88,-0.48,+1.23,idle
1559.1,4065,0,85.36,84.89,-0.47,+1.24,idle
1564.1,4065,0,85.36,84.89,-0.47,+1.24,idle
1569.1,3915,2002,85.32,83.89,-1.43,+0.28,load
1574.1,3901,2002,85.24,83.22,-2.02,-0.31,load
1579.1,3892,2002,85.16,82.85,-2.31,-0.60,load
1584.1,3883,2003,85.08,82.56,-2.52,-0.81,load
1589.1,3878,2003,84.99,82.32,-2.67,-0.96,load
1594.0,3873,2003,84.91,82.14,-2.77,-1.06,load
1599.0,3870,2002,84.83,81.97,-2.86,-1.15,load
1604.0,3867,2003,84.74,81.82,-2.92,-1.21,load
1609.0,3863,2002,84.66,81.66,-3.00,-1.29,load
1614.0,3860,2002,84.58,81.55,-3.03,-1.32,load
1619.0,3857,2002,84.50,81.40,-3.10,-1.39,load
1624.0,3856,2002,84.41,81.30,-3.11,-1.40,load
1629.0,3853,2002,84.33,81.20,-3.13,-1.42,load
1634.0,3852,2002,84.25,81.09,-3.16,-1.45,load
1639.0,3850,2002,84.16,80.99,-3.17,-1.46,load
1644.0,3850,2003,84.08,80.89,-3.19,-1.48,load
1649.0,3847,2002,84.00,80.79,-3.21,-1.50,load
1654.0,3847,2002,83.91,80.71,-3.20,-1.49,load
1659.0,3845,2003,83.83,80.61,-3.22,-1.51,load
1664.0,3845,2002,83.75,80.52,-3.23,-1.52,load
1669.0,3843,2002,83.67,80.42,-3.25,-1.54,load
1674.0,3843,2003,83.58,80.35,-3.23,-1.52,load
1679.0,3841,2002,83.50,80.25,-3.25,-1.54,load
1684.0,3840,2002,83.42,80.17,-3.25,-1.54,load
1689.0,3840,2002,83.33,80.10,-3.23,-1.52,load
1694.0,3838,2002,83.25,79.98,-3.27,-1.56,load
1699.0,3837,2002,83.17,79.92,-3.25,-1.54,load
1704.0,3837,2002,83.08,79.85,-3.23,-1.52,load
1709.0,3836,2002,83.00,79.77,-3.23,-1.52,load
1714.0,3835,2002,82.92,79.69,-3.23,-1.52,load
1719.0,3835,2002,82.84,79.63,-3.21,-1.50,load
1724.0,3833,2003,82.75,79.51,-3.24,-1.53,load
1729.0,3832,2004,82.67,79.49,-3.18,-1.47,load
1734.0,3831,2003,82.59,79.43,-3.16,-1.45,load
1739.0,3831,2002,82.50,79.36,-3.14,-1.43,load
1744.0,3830,2003,82.42,79.28,-3.14,-1.43,load
1749.0,3828,2003,82.34,79.19,-3.15,-1.44,load
1754.0,3828,2003,82.25,79.11,-3.14,-1.43,load
1759.0,3828,2003,82.17,79.02,-3.15,-1.44,load
1764.0,3827,2002,82.09,78.95,-3.14,-1.43,load
1769.0,3827,2002,82.01,78.88,-3.13,-1.42,load
1774.0,3826,2002,81.92,78.80,-3.12,-1.41,load
1779.0,3825,2002,81.84,78.72,-3.12,-1.41,load
1784.0,3825,2002,81.76,78.63,-3.13,-1.42,load
1789.0,3823,2003,81.67,78.53,-3.14,-1.43,load
1794.0,3822,2003,81.59,78.46,-3.13,-1.42,load
1799.0,3821,2003,81.51,78.38,-3.13,-1.42,load
1803.9,3821,2003,81.42,78.31,-3.11,-1.40,load
1808.9,3820,2003,81.34,78.23,-3.11,-1.40,load
1813.9,3821,2002,81.26,78.17,-3.09,-1.38,load
1818.9,3820,2002,81.18,78.10,-3.08,-1.37,load
1823.9,3818,2002,81.09,77.97,-3.12,-1.41,load
1828.9,3816,2002,81.01,77.88,-3.13,-1.42,load
1833.9,3816,2003,80.93,77.79,-3.14,-1.43,load
1838.9,3815,2003,80.84,77.73,-3.11,-1.40,load
1843.9,3815,2003,80.76,77.66,-3.10,-1.39,load
1848.9,3815,2002,80.68,77.56,-3.12,-1.41,load
1853.9,3813,2003,80.60,77.46,-3.14,-1.43,load
1858.9,3811,2002,80.51,77.38,-3.13,-1.42,load
1863.9,3812,2002,80.43,77.31,-3.12,-1.41,load
1868.9,3811,2002,80.35,77.23,-3.12,-1.41,load
1873.9,3810,2003,80.26,77.15,-3.11,-1.40,load
1878.9,3808,2002,80.18,77.05,-3.13,-1.42,load
1883.9,3808,2002,80.10,76.95,-3.15,-1.44,load
1888.9,3807,2002,80.01,76.87,-3.14,-1.43,load
1893.9,3806,2002,79.93,76.78,-3.15,-1.44,load
1898.9,3806,2002,79.85,76.71,-3.14,-1.43,load
1903.9,3805,2003,79.77,76.63,-3.14,-1.43,load
1908.9,3805,2002,79.68,76.53,-3.15,-1.44,load
1913.9,3802,2003,79.60,76.43,-3.17,-1.46,load
1918.9,3802,2003,79.52,76.35,-3.17,-1.46,load
1923.9,3801,2003,79.43,76.26,-3.17,-1.46,load
1928.9,3800,2003,79.35,76.15,-3.20,-1.49,load
1933.9,3798,2003,79.27,76.07,-3.20,-1.49,load
1938.9,3798,2003,79.18,75.96,-3.22,-1.51,load
1943.9,3797,2002,79.10,75.87,-3.23,-1.52,load
1948.9,3796,2003,79.02,75.78,-3.24,-1.53,load
1953.9,3795,2002,78.94,75.70,-3.24,-1.53,load
1958.9,3793,2002,78.85,75.59,-3.26,-1.55,load
1963.9,3795,2003,78.77,75.50,-3.27,-1.56,load
1968.9,3792,2003,78.69,75.39,-3.30,-1.59,load
1973.9,3792,2002,78.60,75.30,-3.30,-1.59,load
1978.9,3791,2003,78.52,75.22,-3.30,-1.59,load
1983.9,3790,2004,78.44,75.13,-3.31,-1.60,load
1988.9,3787,2003,78.35,74.98,-3.37,-1.66,load
1993.9,3787,2002,78.27,74.90,-3.37,-1.66,load
1998.9,3786,2003,78.19,74.80,-3.39,-1.68,load
2003.9,3786,2002,78.11,74.71,-3.40,-1.69,load
2008.9,3785,2002,78.02,74.63,-3.39,-1.68,load
2013.9,3782,2004,77.94,74.47,-3.47,-1.76,load
2018.9,3781,2003,77.86,74.38,-3.48,-1.77,load
2023.9,3780,2002,77.77,74.28,-3.49,-1.78,load
2028.9,3780,2002,77.69,74.19,-3.50,-1.79,load
2033.9,3778,2003,77.61,74.07,-3.54,-1.83,load
2038.8,3777,2003,77.52,73.95,-3.57,-1.86,load
2043.8,3776,2002,77.44,73.85,-3.59,-1.88,load
2048.8,3776,2002,77.36,73.77,-3.59,-1.88,load
2053.8,3775,2003,77.28,73.66,-3.62,-1.91,load
2058.8,3773,2002,77.19,73.55,-3.64,-1.93,load
2063.8,3772,2002,77.11,73.43,-3.68,-1.97,load
2068.8,3771,2002,77.03,73.33,-3.70,-1.99,load
2073.8,3770,2002,76.94,73.23,-3.71,-2.00,load
2078.8,3770,2003,76.86,73.13,-3.73,-2.02,load
2083.8,3767,2003,76.78,72.99,-3.79,-2.08,load
2088.8,3767,2002,76.69,72.90,-3.79,-2.08,load
2093.8,3765,2003,76.61,72.79,-3.82,-2.11,load
2098.8,3763,2002,76.53,72.68,-3.85,-2.14,load
2103.8,3762,2002,76.45,72.55,-3.90,-2.19,load
2108.8,3762,2002,76.36,72.44,-3.92,-2.21,load
2113.8,3761,2003,76.28,72.34,-3.94,-2.23,load
2118.8,3760,2003,76.20,72.23,-3.97,-2.26,load
2123.8,3758,2002,76.11,72.12,-3.99,-2.28,load
2128.8,3757,2002,76.03,72.00,-4.03,-2.32,load
2133.8,3756,2003,75.95,71.89,-4.06,-2.35,load
2138.8,3756,2003,75.86,71.79,-4.07,-2.36,load
2143.8,3755,2003,75.78,71.67,-4.11,-2.40,load
2148.8,3753,2003,75.70,71.56,-4.14,-2.43,load
2153.8,3752,2002,75.62,71.44,-4.18,-2.47,load
2158.8,3751,2002,75.53,71.32,-4.21,-2.50,load
2163.8,3751,2004,75.45,71.23,-4.22,-2.51,load
2168.8,3750,2004,75.37,71.14,-4.23,-2.52,load
2173.8,3748,2003,75.28,70.99,-4.29,-2.58,load
2178.8,3747,2002,75.20,70.87,-4.33,-2.62,load
2183.8,3745,2003,75.12,70.76,-4.36,-2.65,load
2188.8,3745,2004,75.03,70.66,-4.37,-2.66,load
2193.8,3743,2002,74.95,70.55,-4.40,-2.69,load
2198.8,3743,2002,74.87,70.43,-4.44,-2.73,load
2203.8,3742,2003,74.79,70.32,-4.47,-2.76,load
2208.8,3741,2003,74.70,70.20,-4.50,-2.79,load
2213.8,3740,2003,74.62,70.11,-4.51,-2.80,load
2218.8,3738,2003,74.54,70.01,-4.53,-2.82,load
2223.8,3737,2002,74.45,69.89,-4.56,-2.85,load
2228.8,3737,2003,74.37,69.79,-4.58,-2.87,load
2233.8,3736,2002,74.29,69.69,-4.60,-2.89,load
2238.8,3735,2002,74.20,69.58,-4.62,-2.91,load
2243.8,3733,2004,74.12,69.45,-4.67,-2.96,load
2248.8,3732,2003,74.04,69.35,-4.69,-2.98,load
2253.8,3732,2004,73.96,69.27,-4.69,-2.98,load
2258.8,3731,2004,73.87,69.19,-4.68,-2.97,load
2263.8,3730,2004,73.79,69.11,-4.68,-2.97,load
2268.8,3728,2004,73.71,68.99,-4.72,-3.01,load
2273.8,3727,2004,73.62,68.89,-4.73,-3.02,load
2278.8,3868,0,73.59,69.42,-4.17,-2.46,idle
2283.8,3878,0,73.59,69.71,-3.88,-2.17,idle
2288.8,3885,0,73.59,69.84,-3.75,-2.04,idle
2293.7,3888,0,73.59,69.90,-3.69,-1.98,idle
2298.7,3892,0,73.59,69.97,-3.62,-1.91,idle
2303.7,3897,0,73.59,70.02,-3.57,-1.86,idle
2308.7,3900,0,73.59,70.05,-3.54,-1.83,idle
2313.7,3902,0,73.59,70.04,-3.55,-1.84,idle
2318.7,3905,0,73.59,70.05,-3.54,-1.83,idle
2323.7,3906,0,73.59,70.05,-3.54,-1.83,idle
2328.7,3908,0,73.59,70.04,-3.55,-1.84,idle
2333.7,3910,0,73.59,70.02,-3.57,-1.86,idle
2338.7,3911,0,73.59,70.03,-3.56,-1.85,idle
2343.7,3912,0,73.59,70.00,-3.59,-1.88,idle
2348.7,3913,0,73.59,70.00,-3.59,-1.88,idle
2353.7,3915,0,73.59,70.03,-3.56,-1.85,idle
2358.7,3916,0,73.59,70.04,-3.55,-1.84,idle
2363.7,3917,0,73.59,70.03,-3.56,-1.85,idle
2368.7,3917,0,73.59,69.98,-3.61,-1.90,idle
2373.7,3918,0,73.59,69.96,-3.63,-1.92,idle
2378.7,3918,0,73.59,69.93,-3.66,-1.95,idle
2383.7,3920,0,73.59,69.95,-3.64,-1.93,idle
2388.7,3920,0,73.59,69.93,-3.66,-1.95,idle
2393.7,3921,0,73.59,69.90,-3.69,-1.98,idle
2398.7,3922,0,73.59,69.88,-3.71,-2.00,idle
2403.7,3923,0,73.59,69.88,-3.71,-2.00,idle
2408.7,3923,0,73.59,69.85,-3.74,-2.03,idle
2413.7,3922,0,73.59,69.82,-3.77,-2.06,idle
2418.7,3923,0,73.59,69.81,-3.78,-2.07,idle
2423.7,3923,0,73.59,69.78,-3.81,-2.10,idle
2428.7,3925,0,73.59,69.77,-3.82,-2.11,idle
2433.7,3923,0,73.59,69.74,-3.85,-2.14,idle
2438.7,3925,0,73.59,69.77,-3.82,-2.11,idle
2443.7,3926,0,73.59,69.76,-3.83,-2.12,idle
2448.7,3925,0,73.59,69.74,-3.85,-2.14,idle
2453.7,3925,0,73.59,69.72,-3.87,-2.16,idle
2458.7,3926,0,73.59,69.70,-3.89,-2.18,idle
2463.7,3926,0,73.59,69.69,-3.90,-2.19,idle
2468.7,3926,0,73.59,69.67,-3.92,-2.21,idle
2473.7,3927,0,73.59,69.68,-3.91,-2.20,idle
2478.7,3927,0,73.59,69.66,-3.93,-2.22,idle
2483.7,3927,0,73.59,69.64,-3.95,-2.24,idle
2488.7,3927,0,73.59,69.63,-3.96,-2.25,idle
2493.7,3927,0,73.59,69.61,-3.98,-2.27,idle
2498.7,3927,0,73.59,69.61,-3.98,-2.27,idle
2503.7,3927,0,73.59,69.60,-3.99,-2.28,idle
2508.7,3928,0,73.59,69.59,-4.00,-2.29,idle
2513.7,3928,0,73.59,69.58,-4.01,-2.30,idle
2518.7,3928,0,73.59,69.58,-4.01,-2.30,idle
2523.7,3928,0,73.59,69.56,-4.03,-2.32,idle
2528.6,3928,0,73.59,69.54,-4.05,-2.34,idle
2533.6,3928,0,73.59,69.54,-4.05,-2.34,idle
2538.6,3928,0,73.59,69.53,-4.06,-2.35,idle
2543.6,3928,0,73.59,69.52,-4.07,-2.36,idle
2548.6,3930,0,73.59,69.51,-4.08,-2.37,idle
2553.6,3930,0,73.59,69.52,-4.07,-2.36,idle
2558.6,3930,0,73.59,69.51,-4.08,-2.37,idle
2563.6,3928,0,73.59,69.47,-4.12,-2.41,idle
2568.6,3930,0,73.59,69.51,-4.08,-2.37,idle
2573.6,3930,0,73.59,69.50,-4.09,-2.38,idle
2578.6,3928,0,73.59,69.48,-4.11,-2.40,idle
2583.6,3931,0,73.59,69.49,-4.10,-2.39,idle
2588.6,3931,0,73.59,69.49,-4.10,-2.39,idle
2593.6,3931,0,73.59,69.50,-4.09,-2.38,idle
2598.6,3931,0,73.59,69.49,-4.10,-2.39,idle
2603.6,3930,0,73.59,69.48,-4.11,-2.40,idle
2608.6,3930,0,73.59,69.47,-4.12,-2.41,idle
2613.6,3931,0,73.59,69.48,-4.11,-2.40,idle
2618.6,3931,0,73.59,69.48,-4.11,-2.40,idle
2623.6,3931,0,73.59,69.47,-4.12,-2.41,idle
2628.6,3931,0,73.59,69.48,-4.11,-2.40,idle
2633.6,3931,0,73.59,69.47,-4.12,-2.41,idle
2638.6,3930,0,73.59,69.47,-4.12,-2.41,idle
2643.6,3931,0,73.59,69.47,-4.12,-2.41,idle
2648.6,3930,0,73.59,69.47,-4.12,-2.41,idle
2653.6,3931,0,73.59,69.46,-4.13,-2.42,idle
2658.6,3931,0,73.59,69.45,-4.14,-2.43,idle
2663.6,3931,0,73.59,69.46,-4.13,-2.42,idle
2668.6,3931,0,73.59,69.46,-4.13,-2.42,idle
2673.6,3932,0,73.59,69.46,-4.13,-2.42,idle
2678.6,3931,0,73.59,69.46,-4.13,-2.42,idle
2683.6,3931,0,73.59,69.45,-4.14,-2.43,idle
2688.6,3931,0,73.59,69.45,-4.14,-2.43,idle
2693.6,3932,0,73.59,69.46,-4.13,-2.42,idle
2698.6,3931,0,73.59,69.44,-4.15,-2.44,idle
2703.6,3932,0,73.59,69.47,-4.12,-2.41,idle
2708.6,3931,0,73.59,69.46,-4.13,-2.42,idle
2713.6,3932,0,73.59,69.46,-4.13,-2.42,idle
2718.6,3932,0,73.59,69.46,-4.13,-2.42,idle
2723.6,3932,0,73.59,69.44,-4.15,-2.44,idle
2728.6,3932,0,73.59,69.46,-4.13,-2.42,idle
2733.5,3932,0,73.59,69.46,-4.13,-2.42,idle
2738.5,3931,0,73.59,69.44,-4.15,-2.44,idle
2743.5,3933,0,73.59,69.45,-4.14,-2.43,idle
2748.5,3932,0,73.59,69.46,-4.13,-2.42,idle
2753.5,3931,0,73.59,69.45,-4.14,-2.43,idle
2758.5,3932,0,73.59,69.44,-4.15,-2.44,idle
2763.5,3932,0,73.59,69.45,-4.14,-2.43,idle
2768.5,3933,0,73.59,69.47,-4.12,-2.41,idle
2773.5,3933,0,73.59,69.46,-4.13,-2.42,idle
2778.5,3932,0,73.59,69.45,-4.14,-2.43,idle
2783.5,3932,0,73.59,69.45,-4.14,-2.43,idle
2788.5,3932,0,73.59,69.46,-4.13,-2.42,idle
2793.5,3932,0,73.59,69.46,-4.13,-2.42,idle
2798.5,3932,0,73.59,69.45,-4.14,-2.43,idle
2803.5,3933,0,73.59,69.47,-4.12,-2.41,idle
2808.5,3932,0,73.59,69.46,-4.13,-2.42,idle
2813.5,3933,0,73.59,69.47,-4.12,-2.41,idle
2818.5,3933,0,73.59,69.47,-4.12,-2.41,idle
2823.5,3933,0,73.59,69.47,-4.12,-2.41,idle
2828.5,3932,0,73.59,69.45,-4.14,-2.43,idle
2833.5,3933,0,73.59,69.47,-4.12,-2.41,idle
2838.5,3933,0,73.59,69.46,-4.13,-2.42,idle
2843.5,3932,0,73.59,69.46,-4.13,-2.42,idle
2848.5,3933,0,73.59,69.46,-4.13,-2.42,idle
2853.5,3932,0,73.59,69.45,-4.14,-2.43,idle
2858.5,3933,0,73.59,69.47,-4.12,-2.41,idle
2863.5,3933,0,73.59,69.46,-4.13,-2.42,idle
2868.5,3933,0,73.59,69.47,-4.12,-2.41,idle
2873.5,3933,0,73.59,69.47,-4.12,-2.41,idle
2878.5,3916,268,73.59,69.46,-4.13,-2.42,load
2883.5,3781,2004,73.51,68.35,-5.16,-3.45,load
2888.5,3770,2003,73.43,67.97,-5.46,-3.75,load
2893.5,3763,2003,73.34,67.73,-5.61,-3.90,load
2898.5,3757,2003,73.26,67.48,-5.78,-4.07,load
2903.5,3752,2002,73.18,67.30,-5.88,-4.17,load
2908.5,3748,2003,73.10,67.15,-5.95,-4.24,load
2913.5,3743,2003,73.01,67.00,-6.01,-4.30,load
2918.5,3741,2002,72.93,66.86,-6.07,-4.36,load
2923.5,3737,2003,72.85,66.72,-6.13,-4.42,load
2928.5,3736,2002,72.76,66.64,-6.12,-4.41,load
2933.5,3732,2002,72.68,66.49,-6.19,-4.48,load
2938.4,3730,2003,72.60,66.41,-6.19,-4.48,load
2943.4,3727,2003,72.51,66.28,-6.23,-4.52,load
2948.4,3725,2003,72.43,66.19,-6.24,-4.53,load
2953.4,3723,2002,72.35,66.10,-6.25,-4.54,load
2958.4,3721,2002,72.27,66.00,-6.27,-4.56,load
2963.4,3720,2002,72.18,65.92,-6.26,-4.55,load
2968.4,3717,2002,72.10,65.80,-6.30,-4.59,load
2973.4,3716,2003,72.02,65.73,-6.29,-4.58,load
2978.4,3715,2003,71.93,65.67,-6.26,-4.55,load
2983.4,3712,2002,71.85,65.55,-6.30,-4.59,load
2988.4,3712,2002,71.77,65.49,-6.28,-4.57,load
2993.4,3711,2002,71.68,65.41,-6.27,-4.56,load
2998.4,3710,2003,71.60,65.32,-6.28,-4.57,load
3003.4,3707,2002,71.52,65.22,-6.30,-4.59,load
3008.4,3706,2002,71.44,65.15,-6.29,-4.58,load
3013.4,3705,2004,71.35,65.08,-6.27,-4.56,load
3018.4,3705,2002,71.27,65.02,-6.25,-4.54,load
3023.4,3702,2003,71.19,64.91,-6.28,-4.57,load
3028.4,3702,2002,71.10,64.83,-6.27,-4.56,load
3033.4,3701,2003,71.02,64.77,-6.25,-4.54,load
3038.4,3700,2002,70.94,64.70,-6.24,-4.53,load
3043.4,3698,2003,70.85,64.62,-6.23,-4.52,load
3048.4,3698,2002,70.77,64.54,-6.23,-4.52,load
3053.4,3696,2002,70.69,64.45,-6.24,-4.53,load
3058.4,3696,2002,70.61,64.40,-6.21,-4.50,load
3063.4,3695,2003,70.52,64.33,-6.19,-4.48,load
3068.4,3693,2002,70.44,64.25,-6.19,-4.48,load
3073.4,3692,2003,70.36,64.14,-6.22,-4.51,load
3078.4,3692,2003,70.27,64.08,-6.19,-4.48,load
3083.4,3691,2003,70.19,64.01,-6.18,-4.47,load
3088.4,3690,2003,70.11,63.95,-6.16,-4.45,load
3093.4,3690,2003,70.02,63.88,-6.14,-4.43,load
3098.4,3690,2002,69.94,63.82,-6.12,-4.41,load
3103.4,3687,2002,69.86,63.70,-6.16,-4.45,load
3108.4,3687,2002,69.78,63.64,-6.14,-4.43,load
3113.4,3687,2003,69.69,63.58,-6.11,-4.40,load
3118.4,3686,2002,69.61,63.52,-6.09,-4.38,load
3123.4,3685,2002,69.53,63.45,-6.08,-4.37,load
3128.3,3683,2002,69.44,63.37,-6.07,-4.36,load
3133.3,3683,2002,69.36,63.29,-6.07,-4.36,load
3138.3,3683,2002,69.28,63.23,-6.05,-4.34,load
3143.3,3682,2002,69.20,63.15,-6.05,-4.34,load
3148.3,3681,2003,69.11,63.10,-6.01,-4.30,load
3153.3,3681,2003,69.03,63.04,-5.99,-4.28,load
3158.3,3680,2003,68.95,62.96,-5.99,-4.28,load
3163.3,3678,2002,68.86,62.87,-5.99,-4.28,load
3168.3,3678,2002,68.78,62.79,-5.99,-4.28,load
3173.3,3677,2002,68.70,62.72,-5.98,-4.27,load
3178.3,3676,2003,68.61,62.66,-5.95,-4.24,load
3183.3,3676,2003,68.53,62.59,-5.94,-4.23,load
3188.3,3675,2003,68.45,62.53,-5.92,-4.21,load
3193.3,3675,2003,68.37,62.47,-5.90,-4.19,load
3198.3,3673,2003,68.28,62.40,-5.88,-4.17,load
3203.3,3673,2002,68.20,62.30,-5.90,-4.19,load
3208.3,3672,2003,68.12,62.23,-5.89,-4.18,load
3213.5,3672,2003,68.03,62.18,-5.85,-4.14,load
3218.5,3671,2003,67.95,62.11,-5.84,-4.13,load
3223.5,3671,2003,67.86,62.04,-5.82,-4.11,load
3228.5,3671,2002,67.78,62.00,-5.78,-4.07,load
3233.5,3670,2003,67.70,61.91,-5.79,-4.08,load
3238.5,3668,2004,67.62,61.84,-5.78,-4.07,load
3243.5,3670,2002,67.53,61.79,-5.74,-4.03,load
3248.5,3668,2003,67.45,61.71,-5.74,-4.03,load
3253.5,3667,2003,67.37,61.63,-5.74,-4.03,load
3258.5,3666,2004,67.28,61.58,-5.70,-3.99,load
3263.5,3665,2003,67.20,61.50,-5.70,-3.99,load
3268.5,3665,2004,67.12,61.44,-5.68,-3.97,load
3273.5,3665,2003,67.03,61.37,-5.66,-3.95,load
3278.5,3663,2003,66.95,61.29,-5.66,-3.95,load
3283.5,3663,2003,66.87,61.22,-5.65,-3.94,load
3288.5,3662,2002,66.79,61.16,-5.63,-3.92,load
3293.5,3662,2003,66.70,61.09,-5.61,-3.90,load
3298.4,3662,2004,66.62,61.03,-5.59,-3.88,load
3303.4,3661,2003,66.54,60.97,-5.57,-3.86,load
3308.4,3661,2003,66.45,60.92,-5.53,-3.82,load
3313.4,3658,2003,66.37,60.81,-5.56,-3.85,load
3318.4,3657,2003,66.29,60.74,-5.55,-3.84,load
3323.4,3658,2004,66.20,60.67,-5.53,-3.82,load
3328.4,3657,2003,66.12,60.61,-5.51,-3.80,load
3333.4,3657,2003,66.04,60.55,-5.49,-3.78,load
3338.4,3656,2003,65.96,60.48,-5.48,-3.77,load
3343.4,3656,2004,65.87,60.43,-5.44,-3.73,load
3348.4,3656,2002,65.79,60.36,-5.43,-3.72,load
3353.4,3655,2002,65.71,60.27,-5.44,-3.73,load
3358.4,3653,2002,65.62,60.18,-5.44,-3.73,load
3363.4,3652,2003,65.54,60.12,-5.42,-3.71,load
3368.4,3652,2003,65.46,60.06,-5.40,-3.69,load
3373.4,3651,2003,65.37,60.00,-5.37,-3.66,load
3378.4,3651,2003,65.29,59.94,-5.35,-3.64,load
3383.4,3651,2003,65.21,59.89,-5.32,-3.61,load
3388.4,3648,2003,65.13,59.81,-5.32,-3.61,load
3393.4,3648,2002,65.04,59.74,-5.30,-3.59,load
3398.4,3648,2003,64.96,59.67,-5.29,-3.58,load
3403.4,3648,2003,64.88,59.59,-5.29,-3.58,load
3408.4,3647,2002,64.79,59.53,-5.26,-3.55,load
3413.4,3647,2002,64.71,59.47,-5.24,-3.53,load
3418.4,3646,2002,64.63,59.41,-5.22,-3.51,load
3423.4,3645,2002,64.54,59.34,-5.20,-3.49,load
3428.4,3645,2003,64.46,59.28,-5.18,-3.47,load
3433.4,3645,2002,64.38,59.19,-5.19,-3.48,load
3438.4,3643,2003,64.30,59.12,-5.18,-3.47,load
3443.4,3642,2003,64.21,59.05,-5.16,-3.45,load
3448.4,3642,2004,64.13,59.00,-5.13,-3.42,load
3453.4,3641,2003,64.05,58.92,-5.13,-3.42,load
3458.4,3640,2003,63.96,58.86,-5.10,-3.39,load
3463.4,3640,2003,63.88,58.78,-5.10,-3.39,load
3468.4,3640,2004,63.80,58.72,-5.08,-3.37,load
3473.4,3637,2003,63.71,58.63,-5.08,-3.37,load
3478.4,3637,2003,63.63,58.57,-5.06,-3.35,load
3483.3,3637,2002,63.55,58.51,-5.04,-3.33,load
3488.3,3636,2003,63.47,58.44,-5.03,-3.32,load
3493.3,3636,2002,63.38,58.38,-5.00,-3.29,load
3498.3,3635,2003,63.30,58.32,-4.98,-3.27,load
3503.3,3633,2002,63.22,58.22,-5.00,-3.29,load
3508.3,3633,2004,63.13,58.16,-4.97,-3.26,load
3513.3,3632,2002,63.05,58.08,-4.97,-3.26,load
3518.3,3767,0,62.99,58.42,-4.57,-2.86,idle
3523.3,3780,0,62.99,58.86,-4.13,-2.42,idle
3528.3,3786,0,62.99,59.05,-3.94,-2.23,idle
3533.3,3791,0,62.99,59.18,-3.81,-2.10,idle
3538.3,3795,0,62.99,59.29,-3.70,-1.99,idle
3543.3,3798,0,62.99,59.36,-3.63,-1.92,idle
3548.3,3801,0,62.99,59.43,-3.56,-1.85,idle
3553.3,3805,0,62.99,59.48,-3.51,-1.80,idle
3558.3,3806,0,62.99,59.49,-3.50,-1.79,idle
3563.3,3810,0,62.99,59.55,-3.44,-1.73,idle
3568.3,3811,0,62.99,59.57,-3.42,-1.71,idle
3573.3,3812,0,62.99,59.58,-3.41,-1.70,idle
3578.3,3813,0,62.99,59.60,-3.39,-1.68,idle
3583.3,3815,0,62.99,59.63,-3.36,-1.65,idle
3588.3,3818,0,62.99,59.64,-3.35,-1.64,idle
3593.3,3818,0,62.99,59.62,-3.37,-1.66,idle
3598.3,3820,0,62.99,59.66,-3.33,-1.62,idle
3603.3,3821,0,62.99,59.66,-3.33,-1.62,idle
3608.3,3821,0,62.99,59.64,-3.35,-1.64,idle
3613.3,3822,0,62.99,59.63,-3.36,-1.65,idle
3618.3,3823,0,62.99,59.63,-3.36,-1.65,idle
3623.3,3825,0,62.99,59.62,-3.37,-1.66,idle
3628.3,3825,0,62.99,59.65,-3.34,-1.63,idle
3633.3,3826,0,62.99,59.66,-3.33,-1.62,idle
3638.3,3827,0,62.99,59.65,-3.34,-1.63,idle
3643.3,3825,0,62.99,59.63,-3.36,-1.65,idle
3648.3,3828,0,62.99,59.63,-3.36,-1.65,idle
3653.3,3828,0,62.99,59.64,-3.35,-1.64,idle
3658.3,3828,0,62.99,59.62,-3.37,-1.66,idle
3663.3,3830,0,62.99,59.64,-3.35,-1.64,idle
3668.3,3830,0,62.99,59.63,-3.36,-1.65,idle
3673.3,3831,0,62.99,59.64,-3.35,-1.64,idle
3678.3,3830,0,62.99,59.62,-3.37,-1.66,idle
3683.3,3831,0,62.99,59.64,-3.35,-1.64,idle
3688.3,3831,0,62.99,59.62,-3.37,-1.66,idle
3693.3,3832,0,62.99,59.63,-3.36,-1.65,idle
3698.3,3833,0,62.99,59.63,-3.36,-1.65,idle
3703.3,3833,0,62.99,59.61,-3.38,-1.67,idle
3708.3,3832,0,62.99,59.60,-3.39,-1.68,idle
3713.3,3833,0,62.99,59.60,-3.39,-1.68,idle
3718.3,3833,0,62.99,59.60,-3.39,-1.68,idle
3723.3,3835,0,62.99,59.62,-3.37,-1.66,idle
3728.3,3835,0,62.99,59.62,-3.37,-1.66,idle
3733.2,3835,0,62.99,59.61,-3.38,-1.67,idle
3738.2,3835,0,62.99,59.60,-3.39,-1.68,idle
3743.2,3835,0,62.99,59.60,-3.39,-1.68,idle
3748.2,3836,0,62.99,59.61,-3.38,-1.67,idle
3753.2,3836,0,62.99,59.61,-3.38,-1.67,idle
3758.2,3836,0,62.99,59.61,-3.38,-1.67,idle
3763.2,3836,0,62.99,59.60,-3.39,-1.68,idle
3768.2,3835,0,62.99,59.59,-3.40,-1.69,idle
3773.2,3836,0,62.99,59.60,-3.39,-1.68,idle
3778.2,3837,0,62.99,59.61,-3.38,-1.67,idle
3783.2,3837,0,62.99,59.60,-3.39,-1.68,idle
3788.2,3838,0,62.99,59.61,-3.38,-1.67,idle
3793.2,3837,0,62.99,59.60,-3.39,-1.68,idle
3798.2,3837,0,62.99,59.59,-3.40,-1.69,idle
3803.2,3838,0,62.99,59.59,-3.40,-1.69,idle
3808.2,3838,0,62.99,59.59,-3.40,-1.69,idle
3813.2,3838,0,62.99,59.59,-3.40,-1.69,idle
3818.2,3838,0,62.99,59.58,-3.41,-1.70,idle
3823.2,3838,0,62.99,59.59,-3.40,-1.69,idle
3828.2,3840,0,62.99,59.62,-3.37,-1.66,idle
3833.2,3838,0,62.99,59.59,-3.40,-1.69,idle
3838.2,3838,0,62.99,59.58,-3.41,-1.70,idle
3843.2,3840,0,62.99,59.60,-3.39,-1.68,idle
3848.2,3838,0,62.99,59.58,-3.41,-1.70,idle
3853.2,3840,0,62.99,59.60,-3.39,-1.68,idle
3858.2,3840,0,62.99,59.64,-3.35,-1.64,idle
3863.2,3840,0,62.99,59.64,-3.35,-1.64,idle
3868.2,3840,0,62.99,59.64,-3.35,-1.64,idle
3873.2,3838,0,62.99,59.63,-3.36,-1.65,idle
3878.2,3840,0,62.99,59.63,-3.36,-1.65,idle
3883.2,3841,0,62.99,59.65,-3.34,-1.63,idle
3888.2,3840,0,62.99,59.64,-3.35,-1.64,idle
3893.2,3841,0,62.99,59.64,-3.35,-1.64,idle
3898.2,3840,0,62.99,59.65,-3.34,-1.63,idle
3903.2,3840,0,62.99,59.64,-3.35,-1.64,idle
3908.2,3841,0,62.99,59.64,-3.35,-1.64,idle
3913.2,3841,0,62.99,59.66,-3.33,-1.62,idle
3918.2,3841,0,62.99,59.66,-3.33,-1.62,idle
3923.2,3840,0,62.99,59.65,-3.34,-1.63,idle
3928.2,3842,0,62.99,59.66,-3.33,-1.62,idle
3933.2,3841,0,62.99,59.66,-3.33,-1.62,idle
3938.2,3842,0,62.99,59.66,-3.33,-1.62,idle
3943.2,3842,0,62.99,59.67,-3.32,-1.61,idle
3948.2,3841,0,62.99,59.66,-3.33,-1.62,idle
3953.2,3843,0,62.99,59.69,-3.30,-1.59,idle
3958.2,3841,0,62.99,59.66,-3.33,-1.62,idle
3963.1,3841,0,62.99,59.67,-3.32,-1.61,idle
3968.1,3842,0,62.99,59.68,-3.31,-1.60,idle
3973.1,3842,0,62.99,59.68,-3.31,-1.60,idle
3978.1,3842,0,62.99,59.69,-3.30,-1.59,idle
3983.1,3842,0,62.99,59.69,-3.30,-1.59,idle
3988.1,3842,0,62.99,59.69,-3.30,-1.59,idle
3993.1,3842,0,62.99,59.70,-3.29,-1.58,idle
3998.1,3843,0,62.99,59.71,-3.28,-1.57,idle
4003.1,3842,0,62.99,59.70,-3.29,-1.58,idle
4008.1,3842,0,62.99,59.70,-3.29,-1.58,idle
4013.1,3843,0,62.99,59.71,-3.28,-1.57,idle
4018.1,3842,0,62.99,59.71,-3.28,-1.57,idle
4023.1,3843,0,62.99,59.73,-3.26,-1.55,idle
4028.1,3843,0,62.99,59.72,-3.27,-1.56,idle
4033.1,3843,0,62.99,59.73,-3.26,-1.55,idle
4038.1,3843,0,62.99,59.73,-3.26,-1.55,idle
4043.1,3843,0,62.99,59.73,-3.26,-1.55,idle
4048.1,3843,0,62.99,59.73,-3.26,-1.55,idle
4053.1,3842,0,62.99,59.73,-3.26,-1.55,idle
4058.1,3845,0,62.99,59.75,-3.24,-1.53,idle
4063.1,3843,0,62.99,59.74,-3.25,-1.54,idle
4068.1,3845,0,62.99,59.76,-3.23,-1.52,idle
4073.1,3843,0,62.99,59.74,-3.25,-1.54,idle
4078.1,3842,0,62.99,59.75,-3.24,-1.53,idle
4083.1,3843,0,62.99,59.74,-3.25,-1.54,idle
4088.1,3845,0,62.99,59.77,-3.22,-1.51,idle
4093.1,3843,0,62.99,59.77,-3.22,-1.51,idle
4098.3,3843,0,62.99,59.75,-3.24,-1.53,idle
4103.3,3845,0,62.99,59.78,-3.21,-1.50,idle
4108.3,3845,0,62.99,59.80,-3.19,-1.48,idle
4113.3,3843,0,62.99,59.77,-3.22,-1.51,idle
4118.3,3843,0,62.99,59.79,-3.20,-1.49,idle
4123.3,3697,2002,62.93,58.92,-4.01,-2.30,load
4128.3,3687,2002,62.85,58.52,-4.33,-2.62,load
4133.3,3681,2002,62.77,58.29,-4.48,-2.77,load
4138.3,3675,2002,62.68,58.10,-4.58,-2.87,load
4143.3,3670,2002,62.60,57.94,-4.66,-2.95,load
4148.3,3665,2002,62.52,57.78,-4.74,-3.03,load
4153.3,3661,2002,62.43,57.63,-4.80,-3.09,load
4158.3,3657,2002,62.35,57.49,-4.86,-3.15,load
4163.3,3653,2003,62.27,57.37,-4.90,-3.19,load
4168.3,3652,2002,62.18,57.26,-4.92,-3.21,load
4173.3,3648,2003,62.10,57.14,-4.96,-3.25,load
4178.3,3646,2003,62.02,57.04,-4.98,-3.27,load
4183.3,3642,2003,61.94,56.92,-5.02,-3.31,load
4188.3,3641,2002,61.85,56.83,-5.02,-3.31,load
4193.2,3638,2003,61.77,56.72,-5.05,-3.34,load
4198.2,3637,2003,61.69,56.64,-5.05,-3.34,load
4203.2,3635,2003,61.60,56.55,-5.05,-3.34,load
4208.2,3632,2003,61.52,56.43,-5.09,-3.38,load
4213.2,3631,2002,61.44,56.36,-5.08,-3.37,load
4218.2,3628,2002,61.35,56.26,-5.09,-3.38,load
4223.2,3627,2003,61.27,56.17,-5.10,-3.39,load
4228.2,3626,2003,61.19,56.11,-5.08,-3.37,load
4233.2,3623,2002,61.11,56.01,-5.10,-3.39,load
4238.2,3622,2003,61.02,55.91,-5.11,-3.40,load
4243.2,3621,2002,60.94,55.85,-5.09,-3.38,load
4248.2,3620,2003,60.86,55.79,-5.07,-3.36,load
4253.2,3618,2003,60.77,55.67,-5.10,-3.39,load
4258.2,3617,2003,60.69,55.60,-5.09,-3.38,load
4263.2,3615,2002,60.61,55.52,-5.09,-3.38,load
4268.2,3615,2002,60.52,55.47,-5.05,-3.34,load
4273.2,3612,2002,60.44,55.34,-5.10,-3.39,load
4278.2,3612,2003,60.36,55.28,-5.08,-3.37,load
4283.2,3611,2002,60.28,55.21,-5.07,-3.36,load
4288.2,3610,2003,60.19,55.13,-5.06,-3.35,load
4293.2,3608,2003,60.11,55.04,-5.07,-3.36,load
4298.2,3607,2002,60.03,54.96,-5.07,-3.36,load
4303.2,3606,2002,59.94,54.90,-5.04,-3.33,load
4308.2,3605,2002,59.86,54.83,-5.03,-3.32,load
4313.2,3605,2002,59.78,54.74,-5.04,-3.33,load
4318.2,3603,2002,59.69,54.65,-5.04,-3.33,load
4323.2,3602,2003,59.61,54.57,-5.04,-3.33,load
4328.2,3600,2003,59.53,54.50,-5.03,-3.32,load
4333.2,3598,2003,59.45,54.43,-5.02,-3.31,load
4338.2,3598,2003,59.36,54.34,-5.02,-3.31,load
4343.2,3597,2003,59.28,54.24,-5.04,-3.33,load
4348.2,3596,2002,59.20,54.17,-5.03,-3.32,load
4353.2,3595,2003,59.11,54.12,-4.99,-3.28,load
4358.2,3595,2003,59.03,54.04,-4.99,-3.28,load
4363.2,3593,2003,58.95,53.93,-5.02,-3.31,load
4368.2,3593,2002,58.86,53.87,-4.99,-3.28,load
4373.2,3592,2002,58.78,53.80,-4.98,-3.27,load
4378.2,3591,2002,58.70,53.73,-4.97,-3.26,load
4383.2,3590,2002,58.62,53.65,-4.97,-3.26,load
4388.2,3588,2003,58.53,53.56,-4.97,-3.26,load
4393.2,3587,2003,58.45,53.46,-4.99,-3.28,load
4398.2,3586,2003,58.37,53.38,-4.99,-3.28,load
4403.2,3586,2003,58.28,53.33,-4.95,-3.24,load
4408.2,3585,2002,58.20,53.26,-4.94,-3.23,load
4413.2,3583,2002,58.12,53.15,-4.97,-3.26,load
4418.2,3582,2002,58.03,53.05,-4.98,-3.27,load
4423.2,3582,2003,57.95,53.00,-4.95,-3.24,load
4428.2,3581,2002,57.87,52.92,-4.95,-3.24,load
4433.2,3581,2002,57.79,52.85,-4.94,-3.23,load
4438.2,3580,2003,57.70,52.76,-4.94,-3.23,load
4443.2,3578,2003,57.62,52.66,-4.96,-3.25,load
4448.2,3577,2003,57.54,52.58,-4.96,-3.25,load
4453.2,3576,2003,57.45,52.51,-4.94,-3.23,load
4458.2,3576,2003,57.37,52.45,-4.92,-3.21,load
4463.2,3575,2003,57.29,52.36,-4.93,-3.22,load
4468.2,3573,2003,57.20,52.26,-4.94,-3.23,load
4473.1,3573,2003,57.12,52.17,-4.95,-3.24,load
4478.1,3571,2002,57.04,52.09,-4.95,-3.24,load
4483.1,3571,2002,56.96,52.02,-4.94,-3.23,load
4488.1,3570,2002,56.87,51.94,-4.93,-3.22,load
4493.1,3568,2002,56.79,51.84,-4.95,-3.24,load
4498.1,3567,2003,56.71,51.75,-4.96,-3.25,load
4503.1,3567,2002,56.62,51.68,-4.94,-3.23,load
4508.1,3566,2003,56.54,51.60,-4.94,-3.23,load
4513.1,3565,2003,56.46,51.53,-4.93,-3.22,load
4518.1,3563,2003,56.37,51.41,-4.96,-3.25,load
4523.1,3562,2002,56.29,51.32,-4.97,-3.26,load
4528.1,3561,2003,56.21,51.24,-4.97,-3.26,load
4533.1,3561,2004,56.13,51.17,-4.96,-3.25,load
4538.1,3560,2003,56.04,51.09,-4.95,-3.24,load
4543.1,3560,2002,55.96,51.02,-4.94,-3.23,load
4548.1,3558,2002,55.88,50.90,-4.98,-3.27,load
4553.1,3557,2002,55.79,50.81,-4.98,-3.27,load
4558.1,3557,2003,55.71,50.74,-4.97,-3.26,load
4563.1,3556,2002,55.63,50.67,-4.96,-3.25,load
4568.1,3555,2002,55.54,50.59,-4.95,-3.24,load
4573.1,3553,2002,55.46,50.47,-4.99,-3.28,load
4578.1,3552,2003,55.38,50.37,-5.01,-3.30,load
4583.1,3552,2003,55.30,50.30,-5.00,-3.29,load
4588.1,3551,2002,55.21,50.22,-4.99,-3.28,load
4593.1,3550,2002,55.13,50.15,-4.98,-3.27,load
4598.1,3550,2003,55.05,50.06,-4.99,-3.28,load
4603.1,3547,2003,54.96,49.89,-5.07,-3.36,load
4608.1,3547,2003,54.88,49.82,-5.06,-3.35,load
4613.1,3546,2003,54.80,49.74,-5.06,-3.35,load
4618.1,3545,2002,54.71,49.67,-5.04,-3.33,load
4623.1,3543,2003,54.63,49.59,-5.04,-3.33,load
4628.1,3543,2002,54.55,49.50,-5.05,-3.34,load
4633.1,3542,2002,54.47,49.41,-5.06,-3.35,load
4638.1,3542,2002,54.38,49.34,-5.04,-3.33,load
4643.1,3541,2003,54.30,49.27,-5.03,-3.32,load
4648.1,3540,2004,54.22,49.19,-5.03,-3.32,load
4653.1,3538,2003,54.13,49.08,-5.05,-3.34,load
4658.1,3538,2002,54.05,49.00,-5.05,-3.34,load
4663.1,3536,2002,53.97,48.91,-5.06,-3.35,load
4668.1,3536,2003,53.88,48.85,-5.03,-3.32,load
4673.1,3536,2002,53.80,48.78,-5.02,-3.31,load
4678.1,3533,2002,53.72,48.66,-5.06,-3.35,load
4683.1,3532,2003,53.64,48.57,-5.07,-3.36,load
4688.1,3531,2003,53.55,48.50,-5.05,-3.34,load
4693.1,3530,2003,53.47,48.43,-5.04,-3.33,load
4698.1,3530,2004,53.39,48.35,-5.04,-3.33,load
4703.1,3528,2003,53.30,48.25,-5.05,-3.34,load
4708.1,3528,2002,53.22,48.17,-5.05,-3.34,load
4713.1,3527,2002,53.14,48.09,-5.05,-3.34,load
4718.1,3526,2003,53.05,48.01,-5.04,-3.33,load
4723.1,3525,2002,52.97,47.93,-5.04,-3.33,load
4728.1,3523,2003,52.89,47.84,-5.05,-3.34,load
4733.1,3662,0,52.85,48.29,-4.56,-2.85,idle
4738.1,3671,0,52.85,48.56,-4.29,-2.58,idle
4743.1,3677,0,52.85,48.71,-4.14,-2.43,idle
4748.1,3681,0,52.85,48.80,-4.05,-2.34,idle
4753.1,3686,0,52.85,48.89,-3.96,-2.25,idle
4758.1,3690,0,52.85,48.95,-3.90,-2.19,idle
4763.1,3692,0,52.85,48.99,-3.86,-2.15,idle
4768.1,3695,0,52.85,49.03,-3.82,-2.11,idle
4773.1,3697,0,52.85,49.04,-3.81,-2.10,idle
4778.1,3700,0,52.85,49.08,-3.77,-2.06,idle
4783.1,3702,0,52.85,49.08,-3.77,-2.06,idle
4788.1,3705,0,52.85,49.10,-3.75,-2.04,idle
4793.1,3705,0,52.85,49.11,-3.74,-2.03,idle
4798.1,3707,0,52.85,49.12,-3.73,-2.02,idle
4803.1,3707,0,52.85,49.10,-3.75,-2.04,idle
4808.0,3710,0,52.85,49.12,-3.73,-2.02,idle
4813.0,3711,0,52.85,49.12,-3.73,-2.02,idle
4818.0,3712,0,52.85,49.13,-3.72,-2.01,idle
4823.0,3713,0,52.85,49.11,-3.74,-2.03,idle
4828.0,3713,0,52.85,49.09,-3.76,-2.05,idle
4833.0,3715,0,52.85,49.11,-3.74,-2.03,idle
4838.0,3715,0,52.85,49.11,-3.74,-2.03,idle
4843.0,3716,0,52.85,49.10,-3.75,-2.04,idle
4848.0,3717,0,52.85,49.10,-3.75,-2.04,idle
4853.0,3718,0,52.85,49.09,-3.76,-2.05,idle
4858.0,3718,0,52.85,49.08,-3.77,-2.06,idle
4863.0,3718,0,52.85,49.08,-3.77,-2.06,idle
4868.0,3720,0,52.85,49.09,-3.76,-2.05,idle
4873.0,3720,0,52.85,49.08,-3.77,-2.06,idle
4878.0,3721,0,52.85,49.08,-3.77,-2.06,idle
4883.0,3722,0,52.85,49.06,-3.79,-2.08,idle
4888.0,3721,0,52.85,49.06,-3.79,-2.08,idle
4893.0,3722,0,52.85,49.04,-3.81,-2.10,idle
4898.0,3723,0,52.85,49.04,-3.81,-2.10,idle
4903.0,3723,0,52.85,49.03,-3.82,-2.11,idle
4908.0,3725,0,52.85,49.06,-3.79,-2.08,idle
4913.0,3725,0,52.85,49.05,-3.80,-2.09,idle
4918.0,3725,0,52.85,49.04,-3.81,-2.10,idle
4923.0,3725,0,52.85,49.04,-3.81,-2.10,idle
4928.0,3725,0,52.85,49.03,-3.82,-2.11,idle
4933.0,3726,0,52.85,49.03,-3.82,-2.11,idle
4938.0,3726,0,52.85,49.02,-3.83,-2.12,idle
4943.0,3726,0,52.85,49.02,-3.83,-2.12,idle
4948.0,3727,0,52.85,49.03,-3.82,-2.11,idle
4953.0,3728,0,52.85,49.01,-3.84,-2.13,idle
4958.0,3727,0,52.85,49.01,-3.84,-2.13,idle
4963.0,3728,0,52.85,49.02,-3.83,-2.12,idle
4968.0,3728,0,52.85,49.02,-3.83,-2.12,idle
4973.0,3728,0,52.85,49.01,-3.84,-2.13,idle
4978.0,3730,0,52.85,49.03,-3.82,-2.11,idle
4983.0,3730,0,52.85,49.02,-3.83,-2.12,idle
4988.0,3730,0,52.85,49.03,-3.82,-2.11,idle
4993.0,3731,0,52.85,49.03,-3.82,-2.11,idle
4998.0,3730,0,52.85,49.03,-3.82,-2.11,idle
5003.0,3730,0,52.85,49.02,-3.83,-2.12,idle
5008.0,3731,0,52.85,49.04,-3.81,-2.10,idle
5013.0,3732,0,52.85,49.02,-3.83,-2.12,idle
5018.0,3731,0,52.85,49.03,-3.82,-2.11,idle
5023.0,3731,0,52.85,49.01,-3.84,-2.13,idle
5028.0,3731,0,52.85,49.02,-3.83,-2.12,idle
5033.0,3731,0,52.85,49.02,-3.83,-2.12,idle
5038.0,3732,0,52.85,49.03,-3.82,-2.11,idle
5043.0,3732,0,52.85,49.02,-3.83,-2.12,idle
5048.0,3732,0,52.85,49.03,-3.82,-2.11,idle
5052.9,3733,0,52.85,49.04,-3.81,-2.10,idle
5057.9,3732,0,52.85,49.02,-3.83,-2.12,idle
5062.9,3733,0,52.85,49.03,-3.82,-2.11,idle
5067.9,3733,0,52.85,49.04,-3.81,-2.10,idle
5072.9,3733,0,52.85,49.03,-3.82,-2.11,idle
5077.9,3733,0,52.85,49.04,-3.81,-2.10,idle
5082.9,3735,0,52.85,49.06,-3.79,-2.08,idle
5087.9,3735,0,52.85,49.08,-3.77,-2.06,idle
5092.9,3735,0,52.85,49.08,-3.77,-2.06,idle
5097.9,3735,0,52.85,49.08,-3.77,-2.06,idle
5102.9,3735,0,52.85,49.07,-3.78,-2.07,idle
5107.9,3736,0,52.85,49.09,-3.76,-2.05,idle
5112.9,3736,0,52.85,49.08,-3.77,-2.06,idle
5117.9,3735,0,52.85,49.09,-3.76,-2.05,idle
5122.9,3736,0,52.85,49.08,-3.77,-2.06,idle
5127.9,3736,0,52.85,49.09,-3.76,-2.05,idle
5132.9,3735,0,52.85,49.09,-3.76,-2.05,idle
5137.9,3736,0,52.85,49.10,-3.75,-2.04,idle
5142.9,3737,0,52.85,49.12,-3.73,-2.02,idle
5147.9,3736,0,52.85,49.10,-3.75,-2.04,idle
5152.9,3737,0,52.85,49.11,-3.74,-2.03,idle
5157.9,3736,0,52.85,49.10,-3.75,-2.04,idle
5162.9,3737,0,52.85,49.12,-3.73,-2.02,idle
5167.9,3737,0,52.85,49.11,-3.74,-2.03,idle
5172.9,3736,0,52.85,49.11,-3.74,-2.03,idle
5177.9,3736,0,52.85,49.11,-3.74,-2.03,idle
5182.9,3737,0,52.85,49.12,-3.73,-2.02,idle
5187.9,3737,0,52.85,49.12,-3.73,-2.02,idle
5192.9,3738,0,52.85,49.13,-3.72,-2.01,idle
5197.9,3737,0,52.85,49.13,-3.72,-2.01,idle
5202.9,3738,0,52.85,49.13,-3.72,-2.01,idle
5207.9,3737,0,52.85,49.14,-3.71,-2.00,idle
5212.9,3738,0,52.85,49.14,-3.71,-2.00,idle
5217.9,3737,0,52.85,49.15,-3.70,-1.99,idle
5222.9,3738,0,52.85,49.15,-3.70,-1.99,idle
5227.9,3740,0,52.85,49.18,-3.67,-1.96,idle
5232.9,3740,0,52.85,49.19,-3.66,-1.95,idle
5237.9,3740,0,52.85,49.19,-3.66,-1.95,idle
5242.9,3738,0,52.85,49.18,-3.67,-1.96,idle
5247.9,3738,0,52.85,49.19,-3.66,-1.95,idle
5252.9,3738,0,52.85,49.21,-3.64,-1.93,idle
5257.9,3738,0,52.85,49.20,-3.65,-1.94,idle
5262.9,3740,0,52.85,49.23,-3.62,-1.91,idle
5267.8,3740,0,52.85,49.24,-3.61,-1.90,idle
5272.8,3740,0,52.85,49.24,-3.61,-1.90,idle
5277.8,3740,0,52.85,49.24,-3.61,-1.90,idle
5282.8,3740,0,52.85,49.25,-3.60,-1.89,idle
5287.8,3740,0,52.85,49.25,-3.60,-1.89,idle
5292.8,3740,0,52.85,49.25,-3.60,-1.89,idle
5297.8,3741,0,52.85,49.26,-3.59,-1.88,idle
5302.8,3740,0,52.85,49.25,-3.60,-1.89,idle
5307.8,3741,0,52.85,49.27,-3.58,-1.87,idle
5312.8,3741,0,52.85,49.28,-3.57,-1.86,idle
5317.8,3741,0,52.85,49.29,-3.56,-1.85,idle
5322.8,3740,0,52.85,49.29,-3.56,-1.85,idle
5327.8,3741,0,52.85,49.30,-3.55,-1.84,idle
5332.8,3740,0,52.85,49.28,-3.57,-1.86,idle
5337.8,3592,2003,52.78,48.32,-4.46,-2.75,load
5342.8,3581,2002,52.69,47.96,-4.73,-3.02,load
5347.8,3573,2003,52.61,47.73,-4.88,-3.17,load
5352.8,3567,2002,52.53,47.51,-5.02,-3.31,load
5357.8,3563,2002,52.44,47.33,-5.11,-3.40,load
5362.8,3558,2002,52.36,47.19,-5.17,-3.46,load
5367.8,3553,2002,52.28,47.03,-5.25,-3.54,load
5372.8,3550,2003,52.19,46.92,-5.27,-3.56,load
5377.8,3547,2004,52.11,46.78,-5.33,-3.62,load
5382.8,3543,2002,52.03,46.66,-5.37,-3.66,load
5387.8,3540,2004,51.95,46.55,-5.40,-3.69,load
5392.8,3537,2003,51.86,46.42,-5.44,-3.73,load
5397.8,3535,2003,51.78,46.34,-5.44,-3.73,load
5402.8,3532,2003,51.70,46.22,-5.48,-3.77,load
5407.8,3530,2002,51.61,46.15,-5.46,-3.75,load
5412.8,3526,2002,51.53,46.01,-5.52,-3.81,load
5417.8,3525,2002,51.45,45.95,-5.50,-3.79,load
5422.8,3522,2003,51.36,45.83,-5.53,-3.82,load
5427.8,3520,2002,51.28,45.75,-5.53,-3.82,load
5432.8,3518,2003,51.20,45.65,-5.55,-3.84,load
5437.8,3516,2002,51.12,45.58,-5.54,-3.83,load
5442.8,3513,2002,51.03,45.46,-5.57,-3.86,load
5447.8,3512,2002,50.95,45.38,-5.57,-3.86,load
5452.8,3510,2003,50.87,45.31,-5.56,-3.85,load
5457.8,3508,2002,50.78,45.20,-5.58,-3.87,load
5462.8,3507,2003,50.70,45.13,-5.57,-3.86,load
5467.8,3506,2003,50.62,45.06,-5.56,-3.85,load
5472.8,3503,2002,50.54,44.93,-5.61,-3.90,load
5477.7,3502,2003,50.45,44.87,-5.58,-3.87,load
5482.7,3500,2003,50.37,44.81,-5.56,-3.85,load
5487.7,3500,2002,50.29,44.74,-5.55,-3.84,load
5492.7,3497,2002,50.20,44.61,-5.59,-3.88,load
5497.7,3497,2002,50.12,44.57,-5.55,-3.84,load
5502.7,3495,2002,50.04,44.48,-5.56,-3.85,load
5507.7,3493,2003,49.95,44.39,-5.56,-3.85,load
5512.7,3492,2003,49.87,44.30,-5.57,-3.86,load
5517.7,3490,2003,49.79,44.23,-5.56,-3.85,load
5522.7,3490,2002,49.71,44.18,-5.53,-3.82,load
5527.7,3488,2002,49.62,44.05,-5.57,-3.86,load
5532.7,3487,2002,49.54,43.99,-5.55,-3.84,load
5537.7,3486,2002,49.46,43.92,-5.54,-3.83,load
5542.7,3485,2003,49.37,43.83,-5.54,-3.83,load
5547.7,3483,2002,49.29,43.74,-5.55,-3.84,load
5552.7,3482,2003,49.21,43.67,-5.54,-3.83,load
5557.7,3480,2003,49.12,43.59,-5.53,-3.82,load
5562.7,3480,2002,49.04,43.52,-5.52,-3.81,load
5567.7,3478,2003,48.96,43.42,-5.54,-3.83,load
5572.7,3477,2003,48.88,43.33,-5.55,-3.84,load
5577.7,3476,2002,48.79,43.28,-5.51,-3.80,load
5582.7,3476,2002,48.71,43.22,-5.49,-3.78,load
5587.7,3475,2003,48.63,43.11,-5.52,-3.81,load
5592.7,3472,2003,48.54,43.03,-5.51,-3.80,load
5597.7,3472,2003,48.46,42.97,-5.49,-3.78,load
5602.7,3470,2002,48.38,42.89,-5.49,-3.78,load
5607.7,3468,2002,48.29,42.80,-5.49,-3.78,load
5612.7,3468,2002,48.21,42.72,-5.49,-3.78,load
5617.7,3466,2002,48.13,42.63,-5.50,-3.79,load
5622.7,3466,2003,48.05,42.58,-5.47,-3.76,load
5627.7,3465,2003,47.96,42.50,-5.46,-3.75,load
5632.7,3463,2002,47.88,42.42,-5.46,-3.75,load
5637.7,3463,2002,47.80,42.32,-5.48,-3.77,load
5642.7,3461,2002,47.71,42.25,-5.46,-3.75,load
5647.7,3461,2003,47.63,42.19,-5.44,-3.73,load
5652.7,3461,2003,47.55,42.14,-5.41,-3.70,load
5657.7,3458,2002,47.46,42.01,-5.45,-3.74,load
5662.7,3458,2002,47.38,41.95,-5.43,-3.72,load
5667.7,3457,2002,47.30,41.88,-5.42,-3.71,load
5672.6,3456,2002,47.22,41.80,-5.42,-3.71,load
5677.6,3455,2002,47.13,41.74,-5.39,-3.68,load
5682.6,3453,2002,47.05,41.62,-5.43,-3.72,load
5687.6,3453,2002,46.97,41.56,-5.41,-3.70,load
5692.6,3452,2002,46.88,41.50,-5.38,-3.67,load
5697.6,3452,2003,46.80,41.43,-5.37,-3.66,load
5702.6,3450,2002,46.72,41.34,-5.38,-3.67,load
5707.6,3450,2003,46.64,41.26,-5.38,-3.67,load
5712.6,3448,2002,46.55,41.17,-5.38,-3.67,load
5717.6,3448,2003,46.47,41.11,-5.36,-3.65,load
5722.6,3447,2003,46.39,41.06,-5.33,-3.62,load
5727.6,3445,2003,46.30,40.97,-5.33,-3.62,load
5732.6,3445,2002,46.22,40.91,-5.31,-3.60,load
5737.6,3443,2003,46.14,40.79,-5.35,-3.64,load
5742.6,3443,2003,46.05,40.74,-5.31,-3.60,load
5747.6,3442,2002,45.97,40.66,-5.31,-3.60,load
5752.6,3441,2002,45.89,40.60,-5.29,-3.58,load
5757.6,3440,2003,45.81,40.51,-5.30,-3.59,load
5762.6,3440,2003,45.72,40.46,-5.26,-3.55,load
5767.6,3437,2002,45.64,40.34,-5.30,-3.59,load
5772.6,3437,2004,45.56,40.28,-5.28,-3.57,load
5777.6,3437,2002,45.47,40.21,-5.26,-3.55,load
5782.6,3435,2003,45.39,40.14,-5.25,-3.54,load
5787.6,3435,2003,45.31,40.07,-5.24,-3.53,load
5792.6,3433,2003,45.22,40.00,-5.22,-3.51,load
5797.6,3432,2002,45.14,39.92,-5.22,-3.51,load
5802.6,3432,2002,45.06,39.85,-5.21,-3.50,load
5807.6,3431,2002,44.98,39.77,-5.21,-3.50,load
5812.6,3430,2003,44.89,39.70,-5.19,-3.48,load
5817.6,3428,2003,44.81,39.60,-5.21,-3.50,load
5822.6,3428,2004,44.73,39.52,-5.21,-3.50,load
5827.6,3427,2002,44.64,39.39,-5.25,-3.54,load
5832.6,3426,2002,44.56,39.36,-5.20,-3.49,load
5837.6,3425,2002,44.48,39.32,-5.16,-3.45,load
5842.5,3558,0,44.41,39.62,-4.79,-3.08,idle
5847.5,3570,0,44.41,40.01,-4.40,-2.69,idle
5852.5,3576,0,44.41,40.21,-4.20,-2.49,idle
5857.5,3581,0,44.41,40.31,-4.10,-2.39,idle
5862.5,3586,0,44.41,40.39,-4.02,-2.31,idle
5867.5,3588,0,44.41,40.41,-4.00,-2.29,idle
5872.5,3591,0,44.41,40.46,-3.95,-2.24,idle
5877.5,3595,0,44.41,40.49,-3.92,-2.21,idle
5882.5,3597,0,44.41,40.52,-3.89,-2.18,idle
5887.5,3600,0,44.41,40.53,-3.88,-2.17,idle
5892.5,3601,0,44.41,40.56,-3.85,-2.14,idle
5897.5,3601,0,44.41,40.54,-3.87,-2.16,idle
5902.5,3603,0,44.41,40.54,-3.87,-2.16,idle
5907.5,3605,0,44.41,40.56,-3.85,-2.14,idle
5912.5,3606,0,44.41,40.56,-3.85,-2.14,idle
5917.5,3607,0,44.41,40.54,-3.87,-2.16,idle
5922.5,3608,0,44.41,40.53,-3.88,-2.17,idle
5927.5,3610,0,44.41,40.55,-3.86,-2.15,idle
5932.5,3610,0,44.41,40.55,-3.86,-2.15,idle
5937.5,3611,0,44.41,40.53,-3.88,-2.17,idle
5942.5,3612,0,44.41,40.51,-3.90,-2.19,idle
5947.5,3612,0,44.41,40.50,-3.91,-2.20,idle
5952.5,3613,0,44.41,40.49,-3.92,-2.21,idle
5957.5,3613,0,44.41,40.47,-3.94,-2.23,idle
5962.5,3615,0,44.41,40.48,-3.93,-2.22,idle
5967.5,3615,0,44.41,40.48,-3.93,-2.22,idle
5972.5,3616,0,44.41,40.47,-3.94,-2.23,idle
5977.5,3617,0,44.41,40.46,-3.95,-2.24,idle
5982.5,3616,0,44.41,40.43,-3.98,-2.27,idle
5987.5,3617,0,44.41,40.42,-3.99,-2.28,idle
5992.5,3616,0,44.41,40.39,-4.02,-2.31,idle
5997.5,3618,0,44.41,40.40,-4.01,-2.30,idle
6002.5,3618,0,44.41,40.37,-4.04,-2.33,idle
6007.5,3620,0,44.41,40.39,-4.02,-2.31,idle
6012.5,3618,0,44.41,40.36,-4.05,-2.34,idle
6017.5,3620,0,44.41,40.37,-4.04,-2.33,idle
6022.5,3621,0,44.41,40.37,-4.04,-2.33,idle
6027.5,3621,0,44.41,40.36,-4.05,-2.34,idle
6032.5,3620,0,44.41,40.34,-4.07,-2.36,idle
6037.4,3620,0,44.41,40.33,-4.08,-2.37,idle
6042.4,3621,0,44.41,40.33,-4.08,-2.37,idle
6047.4,3621,0,44.41,40.31,-4.10,-2.39,idle
6052.4,3622,0,44.41,40.31,-4.10,-2.39,idle
6057.4,3622,0,44.41,40.31,-4.10,-2.39,idle
6062.4,3621,0,44.41,40.28,-4.13,-2.42,idle
6067.4,3622,0,44.41,40.27,-4.14,-2.43,idle
6072.4,3622,0,44.41,40.26,-4.15,-2.44,idle
6077.4,3622,0,44.41,40.27,-4.14,-2.43,idle
6082.4,3623,0,44.41,40.26,-4.15,-2.44,idle
6087.4,3623,0,44.41,40.25,-4.16,-2.45,idle
6092.4,3625,0,44.41,40.29,-4.12,-2.41,idle
6097.4,3625,0,44.41,40.27,-4.14,-2.43,idle
6102.4,3625,0,44.41,40.28,-4.13,-2.42,idle
6107.4,3623,0,44.41,40.26,-4.15,-2.44,idle
6112.4,3626,0,44.41,40.27,-4.14,-2.43,idle
6117.4,3626,0,44.41,40.27,-4.14,-2.43,idle
6122.4,3626,0,44.41,40.27,-4.14,-2.43,idle
6127.4,3626,0,44.41,40.26,-4.15,-2.44,idle
6132.4,3625,0,44.41,40.25,-4.16,-2.45,idle
6137.4,3626,0,44.41,40.25,-4.16,-2.45,idle
6142.4,3626,0,44.41,40.24,-4.17,-2.46,idle
6147.4,3627,0,44.41,40.26,-4.15,-2.44,idle
6152.4,3627,0,44.41,40.24,-4.17,-2.46,idle
6157.4,3627,0,44.41,40.25,-4.16,-2.45,idle
6162.4,3626,0,44.41,40.24,-4.17,-2.46,idle
6167.4,3627,0,44.41,40.24,-4.17,-2.46,idle
6172.4,3627,0,44.41,40.24,-4.17,-2.46,idle
6177.4,3628,0,44.41,40.23,-4.18,-2.47,idle
6182.4,3628,0,44.41,40.23,-4.18,-2.47,idle
6187.4,3628,0,44.41,40.23,-4.18,-2.47,idle
6192.4,3628,0,44.41,40.24,-4.17,-2.46,idle
6197.4,3628,0,44.41,40.28,-4.13,-2.42,idle
6202.4,3630,0,44.41,40.27,-4.14,-2.43,idle
6207.4,3628,0,44.41,40.27,-4.14,-2.43,idle
6212.4,3630,0,44.41,40.29,-4.12,-2.41,idle
6217.4,3630,0,44.41,40.28,-4.13,-2.42,idle
6222.4,3630,0,44.41,40.29,-4.12,-2.41,idle
6227.4,3630,0,44.41,40.28,-4.13,-2.42,idle
6232.4,3631,0,44.41,40.29,-4.12,-2.41,idle
6237.4,3631,0,44.41,40.30,-4.11,-2.40,idle
6242.4,3631,0,44.41,40.30,-4.11,-2.40,idle
6247.4,3631,0,44.41,40.29,-4.12,-2.41,idle
6252.4,3631,0,44.41,40.29,-4.12,-2.41,idle
6257.4,3631,0,44.41,40.30,-4.11,-2.40,idle
6262.4,3631,0,44.41,40.30,-4.11,-2.40,idle
6267.4,3632,0,44.41,40.31,-4.10,-2.39,idle
6272.4,3631,0,44.41,40.31,-4.10,-2.39,idle
6277.4,3632,0,44.41,40.32,-4.09,-2.38,idle
6282.3,3632,0,44.41,40.31,-4.10,-2.39,idle
6287.3,3631,0,44.41,40.31,-4.10,-2.39,idle
6292.3,3632,0,44.41,40.33,-4.08,-2.37,idle
6297.3,3632,0,44.41,40.32,-4.09,-2.38,idle
6302.3,3632,0,44.41,40.33,-4.08,-2.37,idle
6307.3,3632,0,44.41,40.33,-4.08,-2.37,idle
6312.3,3633,0,44.41,40.35,-4.06,-2.35,idle
6317.3,3633,0,44.41,40.35,-4.06,-2.35,idle
6322.3,3633,0,44.41,40.35,-4.06,-2.35,idle
6327.3,3633,0,44.41,40.35,-4.06,-2.35,idle
6332.3,3635,0,44.41,40.37,-4.04,-2.33,idle
6337.3,3633,0,44.41,40.35,-4.06,-2.35,idle
6342.3,3633,0,44.41,40.35,-4.06,-2.35,idle
6347.3,3633,0,44.41,40.36,-4.05,-2.34,idle
6352.3,3635,0,44.41,40.41,-4.00,-2.29,idle
6357.3,3633,0,44.41,40.39,-4.02,-2.31,idle
6362.3,3633,0,44.41,40.38,-4.03,-2.32,idle
6367.3,3635,0,44.41,40.42,-3.99,-2.28,idle
6372.3,3633,0,44.41,40.40,-4.01,-2.30,idle
6377.5,3635,0,44.41,40.43,-3.98,-2.27,idle
6382.5,3635,0,44.41,40.44,-3.97,-2.26,idle
6387.5,3635,0,44.41,40.45,-3.96,-2.25,idle
6392.5,3635,0,44.41,40.45,-3.96,-2.25,idle
6397.5,3635,0,44.41,40.45,-3.96,-2.25,idle
6402.5,3636,0,44.41,40.46,-3.95,-2.24,idle
6407.5,3636,0,44.41,40.47,-3.94,-2.23,idle
6412.5,3636,0,44.41,40.47,-3.94,-2.23,idle
6417.5,3636,0,44.41,40.48,-3.93,-2.22,idle
6422.5,3636,0,44.41,40.48,-3.93,-2.22,idle
6427.5,3636,0,44.41,40.49,-3.92,-2.21,idle
6432.5,3635,0,44.41,40.48,-3.93,-2.22,idle
6437.5,3636,0,44.41,40.49,-3.92,-2.21,idle
6442.5,3636,0,44.41,40.50,-3.91,-2.20,idle
6447.5,3491,2002,44.36,40.00,-4.36,-2.65,load
6452.5,3481,2002,44.28,39.94,-4.34,-2.63,load
6457.5,3472,2002,44.20,39.71,-4.49,-2.78,load
6462.5,3467,2003,44.11,39.52,-4.59,-2.88,load
6467.5,3461,2003,44.03,39.31,-4.72,-3.01,load
6472.5,3457,2003,43.95,39.19,-4.76,-3.05,load
6477.5,3453,2002,43.86,39.10,-4.76,-3.05,load
6482.5,3448,2002,43.78,38.99,-4.79,-3.08,load
6487.5,3446,2003,43.70,38.92,-4.78,-3.07,load
6492.5,3442,2003,43.61,38.82,-4.79,-3.08,load
6497.5,3440,2004,43.53,38.75,-4.78,-3.07,load
6502.5,3436,2003,43.45,38.65,-4.80,-3.09,load
6507.5,3435,2003,43.37,38.60,-4.77,-3.06,load
6512.5,3431,2002,43.28,38.51,-4.77,-3.06,load
6517.5,3428,2002,43.20,38.44,-4.76,-3.05,load
6522.5,3427,2003,43.12,38.37,-4.75,-3.04,load
6527.5,3425,2003,43.03,38.31,-4.72,-3.01,load
6532.5,3423,2003,42.95,38.24,-4.71,-3.00,load
6537.5,3421,2003,42.87,38.19,-4.68,-2.97,load
6542.5,3420,2002,42.78,38.14,-4.64,-2.93,load
6547.4,3417,2003,42.70,38.04,-4.66,-2.95,load
6552.4,3416,2002,42.62,38.01,-4.61,-2.90,load
6557.4,3415,2003,42.54,37.95,-4.59,-2.88,load
6562.4,3413,2002,42.45,37.87,-4.58,-2.87,load
6567.4,3412,2003,42.37,37.83,-4.54,-2.83,load
6572.4,3411,2003,42.29,37.79,-4.50,-2.79,load
6577.4,3410,2002,42.20,37.75,-4.45,-2.74,load
6582.4,3410,2002,42.12,37.67,-4.45,-2.74,load
6587.4,3407,2003,42.04,37.61,-4.43,-2.72,load
6592.4,3406,2003,41.95,37.55,-4.40,-2.69,load
6597.4,3403,2002,41.87,37.49,-4.38,-2.67,load
6602.4,3402,2003,41.79,37.42,-4.37,-2.66,load
6607.4,3403,2003,41.71,37.39,-4.32,-2.61,load
6612.4,3402,2002,41.62,37.35,-4.27,-2.56,load
6617.4,3400,2002,41.54,37.28,-4.26,-2.55,load
6622.4,3400,2002,41.46,37.23,-4.23,-2.52,load
6627.4,3398,2002,41.37,37.16,-4.21,-2.50,load
6632.4,3397,2002,41.29,37.11,-4.18,-2.47,load
6637.4,3396,2003,41.21,37.07,-4.14,-2.43,load
6642.4,3395,2003,41.12,37.01,-4.11,-2.40,load
6647.4,3393,2003,41.04,36.96,-4.08,-2.37,load
6652.4,3393,2002,40.96,36.90,-4.06,-2.35,load
6657.4,3391,2002,40.88,36.83,-4.05,-2.34,load
6662.4,3392,2002,40.79,36.80,-3.99,-2.28,load
6667.4,3391,2002,40.71,36.74,-3.97,-2.26,load
6672.4,3390,2002,40.63,36.69,-3.94,-2.23,load
6677.4,3388,2002,40.54,36.61,-3.93,-2.22,load
6682.4,3388,2002,40.46,36.55,-3.91,-2.20,load
6687.4,3387,2002,40.38,36.50,-3.88,-2.17,load
6692.4,3387,2003,40.29,36.46,-3.83,-2.12,load
6697.4,3386,2003,40.21,36.40,-3.81,-2.10,load
6702.4,3385,2002,40.13,36.35,-3.78,-2.07,load
6707.4,3383,2002,40.05,36.26,-3.79,-2.08,load
6712.4,3382,2003,39.96,36.20,-3.76,-2.05,load
6717.4,3381,2002,39.88,36.14,-3.74,-2.03,load
6722.4,3381,2002,39.80,36.09,-3.71,-2.00,load
6727.4,3380,2002,39.71,36.04,-3.67,-1.96,load
6732.4,3380,2002,39.63,36.00,-3.63,-1.92,load
6737.4,3378,2003,39.55,35.89,-3.66,-1.95,load
6742.4,3378,2003,39.46,35.85,-3.61,-1.90,load
6747.4,3376,2002,39.38,35.79,-3.59,-1.88,load
6752.4,3376,2002,39.30,35.72,-3.58,-1.87,load
6757.4,3375,2002,39.22,35.65,-3.57,-1.86,load
6762.4,3375,2003,39.13,35.62,-3.51,-1.80,load
6767.4,3373,2003,39.05,35.52,-3.53,-1.82,load
6772.4,3372,2003,38.97,35.46,-3.51,-1.80,load
6777.4,3371,2003,38.88,35.41,-3.47,-1.76,load
6782.4,3371,2002,38.80,35.35,-3.45,-1.74,load
6787.4,3371,2002,38.72,35.31,-3.41,-1.70,load
6792.4,3370,2003,38.63,35.22,-3.41,-1.70,load
6797.4,3368,2004,38.55,35.14,-3.41,-1.70,load
6802.4,3367,2003,38.47,35.08,-3.39,-1.68,load
6807.4,3366,2003,38.39,35.01,-3.38,-1.67,load
6812.4,3365,2004,38.30,34.96,-3.34,-1.63,load
6817.4,3365,2004,38.22,34.89,-3.33,-1.62,load
6822.3,3363,2002,38.14,34.80,-3.34,-1.63,load
6827.3,3363,2002,38.05,34.74,-3.31,-1.60,load
6832.3,3362,2003,37.97,34.67,-3.30,-1.59,load
6837.3,3361,2003,37.89,34.61,-3.28,-1.57,load
6842.3,3360,2004,37.80,34.54,-3.26,-1.55,load
6847.3,3360,2002,37.72,34.48,-3.24,-1.53,load
6852.3,3358,2003,37.64,34.39,-3.25,-1.54,load
6857.3,3357,2004,37.56,34.31,-3.25,-1.54,load
6862.3,3357,2002,37.47,34.26,-3.21,-1.50,load
6867.3,3356,2002,37.39,34.20,-3.19,-1.48,load
6872.3,3355,2002,37.31,34.12,-3.19,-1.48,load
6877.3,3353,2003,37.22,34.05,-3.17,-1.46,load
6882.3,3353,2004,37.14,33.96,-3.18,-1.47,load
6887.3,3352,2003,37.06,33.90,-3.16,-1.45,load
6892.3,3351,2002,36.97,33.83,-3.14,-1.43,load
6897.3,3351,2003,36.89,33.77,-3.12,-1.41,load
6902.3,3350,2002,36.81,33.70,-3.11,-1.40,load
6907.3,3350,2002,36.73,33.61,-3.12,-1.41,load
6912.3,3348,2003,36.64,33.53,-3.11,-1.40,load
6917.3,3347,2002,36.56,33.47,-3.09,-1.38,load
6922.3,3346,2002,36.48,33.40,-3.08,-1.37,load
6927.3,3345,2002,36.39,33.32,-3.07,-1.36,load
6932.3,3345,2003,36.31,33.27,-3.04,-1.33,load
6937.3,3343,2002,36.23,33.15,-3.08,-1.37,load
6942.3,3342,2002,36.14,33.09,-3.05,-1.34,load
6947.3,3342,2002,36.06,33.03,-3.03,-1.32,load
6952.3,3341,2002,35.98,32.96,-3.02,-1.31,load
6957.3,3340,2002,35.90,32.88,-3.02,-1.31,load
6962.3,3340,2002,35.81,32.81,-3.00,-1.29,load
6967.3,3338,2003,35.73,32.71,-3.02,-1.31,load
6972.3,3337,2002,35.65,32.64,-3.01,-1.30,load
6977.3,3336,2002,35.56,32.57,-2.99,-1.28,load
6982.3,3336,2003,35.48,32.51,-2.97,-1.26,load
6987.3,3471,0,35.44,32.95,-2.49,-0.78,idle
6992.3,3480,0,35.44,33.17,-2.27,-0.56,idle
6997.3,3486,0,35.44,33.28,-2.16,-0.45,idle
7002.3,3491,0,35.44,33.32,-2.12,-0.41,idle
7007.3,3495,0,35.44,33.37,-2.07,-0.36,idle
7012.3,3498,0,35.44,33.37,-2.07,-0.36,idle
7017.3,3502,0,35.44,33.40,-2.04,-0.33,idle
7022.3,3503,0,35.44,33.35,-2.09,-0.38,idle
7027.3,3507,0,35.44,33.39,-2.05,-0.34,idle
7032.3,3510,0,35.44,33.39,-2.05,-0.34,idle
7037.3,3513,0,35.44,33.39,-2.05,-0.34,idle
7042.3,3513,0,35.44,33.34,-2.10,-0.39,idle
7047.3,3515,0,35.44,33.33,-2.11,-0.40,idle
7052.2,3517,0,35.44,33.31,-2.13,-0.42,idle
7057.2,3518,0,35.44,33.28,-2.16,-0.45,idle
7062.2,3520,0,35.44,33.27,-2.17,-0.46,idle
7067.2,3521,0,35.44,33.24,-2.20,-0.49,idle
7072.2,3522,0,35.44,33.21,-2.23,-0.52,idle
7077.2,3522,0,35.44,33.16,-2.28,-0.57,idle
7082.2,3525,0,35.44,33.17,-2.27,-0.56,idle
7087.2,3525,0,35.44,33.13,-2.31,-0.60,idle
7092.2,3526,0,35.44,33.11,-2.33,-0.62,idle
7097.2,3527,0,35.44,33.07,-2.37,-0.66,idle
7102.2,3527,0,35.44,33.02,-2.42,-0.71,idle
7107.2,3528,0,35.44,33.01,-2.43,-0.72,idle
7112.2,3528,0,35.44,32.96,-2.48,-0.77,idle
7117.2,3530,0,35.44,32.96,-2.48,-0.77,idle
7122.2,3531,0,35.44,32.95,-2.49,-0.78,idle
7127.2,3531,0,35.44,32.91,-2.53,-0.82,idle
7132.2,3531,0,35.44,32.87,-2.57,-0.86,idle
7137.2,3532,0,35.44,32.84,-2.60,-0.89,idle
7142.2,3532,0,35.44,32.81,-2.63,-0.92,idle
7147.2,3532,0,35.44,32.78,-2.66,-0.95,idle
7152.2,3533,0,35.44,32.76,-2.68,-0.97,idle
7157.2,3532,0,35.44,32.73,-2.71,-1.00,idle
7162.2,3533,0,35.44,32.69,-2.75,-1.04,idle
7167.2,3533,0,35.44,32.66,-2.78,-1.07,idle
7172.2,3535,0,35.44,32.69,-2.75,-1.04,idle
7177.2,3535,0,35.44,32.66,-2.78,-1.07,idle
7182.2,3536,0,35.44,32.64,-2.80,-1.09,idle
7187.2,3536,0,35.44,32.62,-2.82,-1.11,idle
7192.2,3536,0,35.44,32.58,-2.86,-1.15,idle
7197.2,3536,0,35.44,32.56,-2.88,-1.17,idle
7202.2,3536,0,35.44,32.54,-2.90,-1.19,idle
7207.2,3537,0,35.44,32.52,-2.92,-1.21,idle
7212.2,3536,0,35.44,32.49,-2.95,-1.24,idle
7217.2,3536,0,35.44,32.47,-2.97,-1.26,idle
7222.2,3536,0,35.44,32.44,-3.00,-1.29,idle
7227.2,3536,0,35.44,32.42,-3.02,-1.31,idle
7232.2,3537,0,35.44,32.41,-3.03,-1.32,idle
7237.1,3536,0,35.44,32.37,-3.07,-1.36,idle
7242.1,3537,0,35.44,32.37,-3.07,-1.36,idle
7247.1,3537,0,35.44,32.33,-3.11,-1.40,idle
7252.1,3537,0,35.44,32.32,-3.12,-1.41,idle
7257.1,3537,0,35.44,32.30,-3.14,-1.43,idle
7262.1,3538,0,35.44,32.30,-3.14,-1.43,idle
7267.1,3537,0,35.44,32.27,-3.17,-1.46,idle
7272.1,3538,0,35.44,32.27,-3.17,-1.46,idle
7277.1,3538,0,35.44,32.25,-3.19,-1.48,idle
7282.1,3538,0,35.44,32.22,-3.22,-1.51,idle
7287.1,3540,0,35.44,32.23,-3.21,-1.50,idle
7292.1,3538,0,35.44,32.21,-3.23,-1.52,idle
7297.1,3540,0,35.44,32.20,-3.24,-1.53,idle
7302.1,3538,0,35.44,32.20,-3.24,-1.53,idle
7307.1,3540,0,35.44,32.20,-3.24,-1.53,idle
7312.1,3538,0,35.44,32.15,-3.29,-1.58,idle
7317.1,3540,0,35.44,32.17,-3.27,-1.56,idle
7322.1,3538,0,35.44,32.14,-3.30,-1.59,idle
7327.1,3538,0,35.44,32.12,-3.32,-1.61,idle
7332.1,3540,0,35.44,32.13,-3.31,-1.60,idle
7337.1,3540,0,35.44,32.12,-3.32,-1.61,idle
7342.1,3540,0,35.44,32.10,-3.34,-1.63,idle
7347.1,3540,0,35.44,32.11,-3.33,-1.62,idle
7352.1,3540,0,35.44,32.08,-3.36,-1.65,idle
7357.1,3540,0,35.44,32.09,-3.35,-1.64,idle
7362.1,3540,0,35.44,32.07,-3.37,-1.66,idle
7367.1,3540,0,35.44,32.07,-3.37,-1.66,idle
7372.1,3540,0,35.44,32.05,-3.39,-1.68,idle
7377.1,3541,0,35.44,32.04,-3.40,-1.69,idle
7382.1,3541,0,35.44,32.04,-3.40,-1.69,idle
7387.1,3540,0,35.44,32.03,-3.41,-1.70,idle
7392.1,3541,0,35.44,32.02,-3.42,-1.71,idle
7397.1,3540,0,35.44,32.01,-3.43,-1.72,idle
7402.1,3541,0,35.44,32.01,-3.43,-1.72,idle
7407.1,3541,0,35.44,32.00,-3.44,-1.73,idle
7412.1,3540,0,35.44,31.99,-3.45,-1.74,idle
7417.1,3541,0,35.44,31.99,-3.45,-1.74,idle
7422.1,3541,0,35.44,31.99,-3.45,-1.74,idle
7427.1,3540,0,35.44,31.96,-3.48,-1.77,idle
7432.1,3541,0,35.44,31.96,-3.48,-1.77,idle
7437.0,3541,0,35.44,31.95,-3.49,-1.78,idle
7442.0,3541,0,35.44,31.95,-3.49,-1.78,idle
7447.0,3541,0,35.44,31.94,-3.50,-1.79,idle
7452.0,3541,0,35.44,31.93,-3.51,-1.80,idle
7457.0,3541,0,35.44,31.92,-3.52,-1.81,idle
7462.0,3541,0,35.44,31.92,-3.52,-1.81,idle
7467.0,3541,0,35.44,31.92,-3.52,-1.81,idle
7472.0,3541,0,35.44,31.92,-3.52,-1.81,idle
7477.0,3541,0,35.44,31.91,-3.53,-1.82,idle
7482.0,3541,0,35.44,31.91,-3.53,-1.82,idle
7487.0,3541,0,35.44,31.89,-3.55,-1.84,idle
7492.0,3541,0,35.44,31.89,-3.55,-1.84,idle
7497.0,3541,0,35.44,31.88,-3.56,-1.85,idle
7502.0,3541,0,35.44,31.89,-3.55,-1.84,idle
7507.0,3541,0,35.44,31.88,-3.56,-1.85,idle
7512.0,3541,0,35.44,31.87,-3.57,-1.86,idle
7517.0,3542,0,35.44,31.88,-3.56,-1.85,idle
7522.0,3541,0,35.44,31.87,-3.57,-1.86,idle
7527.0,3541,0,35.44,31.86,-3.58,-1.87,idle
7532.0,3541,0,35.44,31.86,-3.58,-1.87,idle
7537.0,3542,0,35.44,31.86,-3.58,-1.87,idle
7542.0,3542,0,35.44,31.86,-3.58,-1.87,idle
7547.0,3541,0,35.44,31.85,-3.59,-1.88,idle
7552.0,3541,0,35.44,31.84,-3.60,-1.89,idle
7557.0,3541,0,35.44,31.84,-3.60,-1.89,idle
7562.0,3541,0,35.44,31.83,-3.61,-1.90,idle
7567.0,3541,0,35.44,31.83,-3.61,-1.90,idle
7572.0,3542,0,35.44,31.84,-3.60,-1.89,idle
7577.0,3542,0,35.44,31.84,-3.60,-1.89,idle
7582.0,3541,0,35.44,31.82,-3.62,-1.91,idle
7587.0,3542,0,35.44,31.82,-3.62,-1.91,idle
7592.0,3395,2003,35.37,30.91,-4.46,-2.75,load
7596.9,3386,2002,35.28,30.65,-4.63,-2.92,load
7601.9,3380,2004,35.20,30.49,-4.71,-3.00,load
7606.9,3375,2002,35.12,30.33,-4.79,-3.08,load
7611.9,3368,2002,35.03,30.20,-4.83,-3.12,load
7616.9,3363,2003,34.95,30.06,-4.89,-3.18,load
7621.9,3361,2003,34.87,30.02,-4.85,-3.14,load
7626.9,3357,2002,34.79,30.03,-4.76,-3.05,load
7631.9,3353,2003,34.70,29.93,-4.77,-3.06,load
7636.9,3350,2002,34.62,29.86,-4.76,-3.05,load
7641.9,3346,2003,34.54,29.78,-4.76,-3.05,load
7646.9,3343,2002,34.45,29.70,-4.75,-3.04,load
7651.9,3340,2002,34.37,29.63,-4.74,-3.03,load
7656.9,3338,2004,34.29,29.55,-4.74,-3.03,load
7661.9,3335,2003,34.21,29.53,-4.68,-2.97,load
7666.9,3332,2002,34.12,29.52,-4.60,-2.89,load
7671.9,3330,2003,34.04,29.51,-4.53,-2.82,load
7676.9,3327,2003,33.96,29.49,-4.47,-2.76,load
7681.9,3325,2002,33.87,29.48,-4.39,-2.68,load
7686.9,3323,2003,33.79,29.48,-4.31,-2.60,load
7691.9,3322,2002,33.71,29.49,-4.22,-2.51,load
7696.9,3318,2002,33.62,29.48,-4.14,-2.43,load
7701.9,3316,2002,33.54,29.45,-4.09,-2.38,load
7706.9,3315,2002,33.46,29.46,-4.00,-2.29,load
7711.9,3312,2003,33.38,29.43,-3.95,-2.24,load
7716.9,3312,2003,33.29,29.45,-3.84,-2.13,load
7721.9,3310,2002,33.21,29.45,-3.76,-2.05,load
7726.9,3310,2003,33.13,29.44,-3.69,-1.98,load
7731.9,3307,2003,33.04,29.44,-3.60,-1.89,load
7736.9,3306,2002,32.96,29.44,-3.52,-1.81,load
7741.9,3305,2002,32.88,29.45,-3.43,-1.72,load
7746.9,3303,2003,32.79,29.43,-3.36,-1.65,load
7751.9,3303,2002,32.71,29.44,-3.27,-1.56,load
7756.8,3301,2003,32.63,29.45,-3.18,-1.47,load
7761.8,3301,2004,32.55,29.45,-3.10,-1.39,load
7766.8,3300,2002,32.46,29.44,-3.02,-1.31,load
7771.8,3298,2002,32.38,29.43,-2.95,-1.24,load
7776.8,3296,2003,32.30,29.42,-2.88,-1.17,load
7781.8,3296,2003,32.21,29.42,-2.79,-1.08,load
7786.8,3295,2002,32.13,29.43,-2.70,-0.99,load
7791.8,3293,2002,32.05,29.41,-2.64,-0.93,load
7796.8,3293,2002,31.96,29.40,-2.56,-0.85,load
7801.8,3292,2003,31.88,29.39,-2.49,-0.78,load
7806.8,3290,2002,31.80,29.39,-2.41,-0.70,load
7811.8,3290,2003,31.72,29.39,-2.33,-0.62,load
7816.8,3288,2002,31.63,29.37,-2.26,-0.55,load
7821.8,3287,2002,31.55,29.35,-2.20,-0.49,load
7826.8,3287,2002,31.47,29.36,-2.11,-0.40,load
7831.8,3285,2002,31.38,29.34,-2.04,-0.33,load
7836.8,3285,2002,31.30,29.31,-1.99,-0.28,load
7841.8,3283,2003,31.22,29.32,-1.90,-0.19,load
7846.8,3282,2003,31.14,29.28,-1.86,-0.15,load
7851.8,3282,2003,31.05,29.28,-1.77,-0.06,load
7856.8,3281,2003,30.97,29.26,-1.71,+0.00,load
7861.8,3278,2004,30.89,29.23,-1.66,+0.05,load
7866.8,3280,2004,30.80,29.23,-1.57,+0.14,load
7871.8,3278,2003,30.72,29.19,-1.53,+0.18,load
7876.8,3276,2003,30.64,29.17,-1.47,+0.24,load
7881.8,3276,2003,30.55,29.16,-1.39,+0.32,load
7886.8,3275,2003,30.47,29.13,-1.34,+0.37,load
7891.8,3273,2003,30.39,29.10,-1.29,+0.42,load
7896.8,3272,2004,30.30,29.06,-1.24,+0.47,load
7901.8,3271,2003,30.22,29.04,-1.18,+0.53,load
7906.8,3271,2003,30.14,29.02,-1.12,+0.59,load
7911.8,3268,2003,30.06,28.97,-1.09,+0.62,load
7916.8,3268,2004,29.97,28.94,-1.03,+0.68,load
7921.8,3266,2004,29.89,28.91,-0.98,+0.73,load
7926.7,3266,2004,29.81,28.88,-0.93,+0.78,load
7931.7,3263,2004,29.72,28.83,-0.89,+0.82,load
7936.7,3263,2004,29.64,28.79,-0.85,+0.86,load
7941.7,3262,2004,29.56,28.75,-0.81,+0.90,load
7946.7,3261,2003,29.47,28.72,-0.75,+0.96,load
7951.7,3260,2003,29.39,28.68,-0.71,+1.00,load
7956.7,3260,2005,29.31,28.65,-0.66,+1.05,load
7961.7,3258,2003,29.23,28.58,-0.65,+1.06,load
7966.7,3257,2004,29.14,28.55,-0.59,+1.12,load
7971.7,3256,2003,29.06,28.50,-0.56,+1.15,load
7976.7,3253,2004,28.98,28.43,-0.55,+1.16,load
7981.7,3253,2003,28.89,28.39,-0.50,+1.21,load
7986.7,3252,2003,28.81,28.36,-0.45,+1.26,load
7991.7,3251,2003,28.73,28.31,-0.42,+1.29,load
7996.7,3250,2003,28.64,28.25,-0.39,+1.32,load
8001.7,3247,2003,28.56,28.17,-0.39,+1.32,load
8006.7,3247,2004,28.48,28.14,-0.34,+1.37,load
8011.7,3246,2004,28.40,28.09,-0.31,+1.40,load
8016.7,3245,2003,28.31,28.04,-0.27,+1.44,load
8021.7,3243,2003,28.23,27.95,-0.28,+1.43,load
8026.7,3242,2004,28.15,27.92,-0.23,+1.48,load
8031.7,3240,2003,28.06,27.86,-0.20,+1.51,load
8036.7,3240,2003,27.98,27.79,-0.19,+1.52,load
8041.7,3238,2004,27.90,27.73,-0.17,+1.54,load
8046.7,3237,2003,27.81,27.67,-0.14,+1.57,load
8051.7,3367,0,27.74,27.67,-0.07,+1.64,idle
8056.7,3378,0,27.74,27.98,+0.24,+1.95,idle
8061.7,3386,0,27.74,28.07,+0.33,+2.04,idle
8066.7,3392,0,27.74,28.12,+0.38,+2.09,idle
8071.7,3396,0,27.74,28.12,+0.38,+2.09,idle
8076.7,3401,0,27.74,28.12,+0.38,+2.09,idle
8081.7,3405,0,27.74,28.11,+0.37,+2.08,idle
8086.7,3407,0,27.74,28.06,+0.32,+2.03,idle
8091.7,3411,0,27.74,28.04,+0.30,+2.01,idle
8096.7,3413,0,27.74,27.99,+0.25,+1.96,idle
8101.7,3415,0,27.74,27.96,+0.22,+1.93,idle
8106.7,3418,0,27.74,27.90,+0.16,+1.87,idle
8111.6,3421,0,27.74,27.87,+0.13,+1.84,idle
8116.6,3422,0,27.74,27.82,+0.08,+1.79,idle
8121.6,3423,0,27.74,27.74,+0.00,+1.71,idle
8126.6,3426,0,27.74,27.73,-0.01,+1.70,idle
8131.6,3426,0,27.74,27.65,-0.09,+1.62,idle
8136.6,3428,0,27.74,27.59,-0.15,+1.56,idle
8141.6,3430,0,27.74,27.55,-0.19,+1.52,idle
8146.6,3430,0,27.74,27.51,-0.23,+1.48,idle
8151.6,3432,0,27.74,27.46,-0.28,+1.43,idle
8156.6,3433,0,27.74,27.40,-0.34,+1.37,idle
8161.6,3435,0,27.74,27.34,-0.40,+1.31,idle
8166.6,3435,0,27.74,27.31,-0.43,+1.28,idle
8171.6,3437,0,27.74,27.26,-0.48,+1.23,idle
8176.6,3437,0,27.74,27.22,-0.52,+1.19,idle
8181.6,3437,0,27.74,27.15,-0.59,+1.12,idle
8186.6,3438,0,27.74,27.11,-0.63,+1.08,idle
8191.6,3438,0,27.74,27.04,-0.70,+1.01,idle
8196.6,3440,0,27.74,27.03,-0.71,+1.00,idle
8201.6,3441,0,27.74,27.00,-0.74,+0.97,idle
8206.6,3441,0,27.74,26.94,-0.80,+0.91,idle
8211.6,3441,0,27.74,26.90,-0.84,+0.87,idle
8216.6,3442,0,27.74,26.85,-0.89,+0.82,idle
8221.6,3442,0,27.74,26.81,-0.93,+0.78,idle
8226.6,3443,0,27.74,26.76,-0.98,+0.73,idle
8231.6,3442,0,27.74,26.73,-1.01,+0.70,idle
8236.6,3443,0,27.74,26.70,-1.04,+0.67,idle
8241.6,3445,0,27.74,26.67,-1.07,+0.64,idle
8246.6,3445,0,27.74,26.65,-1.09,+0.62,idle
8251.6,3445,0,27.74,26.61,-1.13,+0.58,idle
8256.6,3446,0,27.74,26.59,-1.15,+0.56,idle
8261.6,3445,0,27.74,26.54,-1.20,+0.51,idle
8266.6,3446,0,27.74,26.50,-1.24,+0.47,idle
8271.6,3447,0,27.74,26.48,-1.26,+0.45,idle
8276.6,3447,0,27.74,26.45,-1.29,+0.42,idle
8281.6,3447,0,27.74,26.41,-1.33,+0.38,idle
8286.6,3447,0,27.74,26.39,-1.35,+0.36,idle
8291.6,3450,0,27.74,26.38,-1.36,+0.35,idle
8296.6,3448,0,27.74,26.33,-1.41,+0.30,idle
8301.6,3450,0,27.74,26.33,-1.41,+0.30,idle
8306.5,3448,0,27.74,26.28,-1.46,+0.25,idle
8311.5,3448,0,27.74,26.26,-1.48,+0.23,idle
8316.5,3451,0,27.74,26.27,-1.47,+0.24,idle
8321.5,3450,0,27.74,26.23,-1.51,+0.20,idle
8326.5,3450,0,27.74,26.22,-1.52,+0.19,idle
8331.5,3450,0,27.74,26.20,-1.54,+0.17,idle
8336.5,3450,0,27.74,26.17,-1.57,+0.14,idle
8341.5,3450,0,27.74,26.15,-1.59,+0.12,idle
8346.5,3450,0,27.74,26.12,-1.62,+0.09,idle
8351.5,3451,0,27.74,26.12,-1.62,+0.09,idle
8356.5,3452,0,27.74,26.10,-1.64,+0.07,idle
8361.5,3452,0,27.74,26.09,-1.65,+0.06,idle
8366.5,3451,0,27.74,26.06,-1.68,+0.03,idle
8371.5,3451,0,27.74,26.04,-1.70,+0.01,idle
8376.5,3452,0,27.74,26.03,-1.71,+0.00,idle
8381.5,3452,0,27.74,26.01,-1.73,-0.02,idle
8386.5,3452,0,27.74,25.99,-1.75,-0.04,idle
8391.5,3452,0,27.74,25.98,-1.76,-0.05,idle
8396.5,3452,0,27.74,25.96,-1.78,-0.07,idle
8401.5,3453,0,27.74,25.96,-1.78,-0.07,idle
8406.5,3453,0,27.74,25.94,-1.80,-0.09,idle
8411.5,3452,0,27.74,25.92,-1.82,-0.11,idle
8416.5,3455,0,27.74,25.92,-1.82,-0.11,idle
8421.5,3453,0,27.74,25.91,-1.83,-0.12,idle
8426.5,3455,0,27.74,25.91,-1.83,-0.12,idle
8431.5,3453,0,27.74,25.90,-1.84,-0.13,idle
8436.5,3455,0,27.74,25.91,-1.83,-0.12,idle
8441.5,3455,0,27.74,25.90,-1.84,-0.13,idle
8446.5,3455,0,27.74,25.90,-1.84,-0.13,idle
8451.5,3455,0,27.74,25.87,-1.87,-0.16,idle
8456.5,3455,0,27.74,25.88,-1.86,-0.15,idle
8461.5,3455,0,27.74,25.86,-1.88,-0.17,idle
8466.5,3456,0,27.74,25.86,-1.88,-0.17,idle
8471.5,3456,0,27.74,25.85,-1.89,-0.18,idle
8476.5,3456,0,27.74,25.84,-1.90,-0.19,idle
8481.5,3456,0,27.74,25.83,-1.91,-0.20,idle
8486.5,3456,0,27.74,25.83,-1.91,-0.20,idle
8491.5,3456,0,27.74,25.83,-1.91,-0.20,idle
8496.4,3456,0,27.74,25.82,-1.92,-0.21,idle
8501.4,3456,0,27.74,25.81,-1.93,-0.22,idle
8506.4,3456,0,27.74,25.81,-1.93,-0.22,idle
8511.4,3457,0,27.74,25.80,-1.94,-0.23,idle
8516.4,3457,0,27.74,25.79,-1.95,-0.24,idle
8521.4,3457,0,27.74,25.79,-1.95,-0.24,idle
8526.4,3456,0,27.74,25.78,-1.96,-0.25,idle
8531.4,3457,0,27.74,25.78,-1.96,-0.25,idle
8536.4,3457,0,27.74,25.77,-1.97,-0.26,idle
8541.4,3457,0,27.74,25.78,-1.96,-0.25,idle
8546.4,3457,0,27.74,25.77,-1.97,-0.26,idle
8551.4,3457,0,27.74,25.76,-1.98,-0.27,idle
8556.4,3457,0,27.74,25.76,-1.98,-0.27,idle
8561.4,3457,0,27.74,25.75,-1.99,-0.28,idle
8566.4,3458,0,27.74,25.75,-1.99,-0.28,idle
8571.4,3457,0,27.74,25.74,-2.00,-0.29,idle
8576.4,3458,0,27.74,25.75,-1.99,-0.28,idle
8581.4,3457,0,27.74,25.74,-2.00,-0.29,idle
8586.4,3458,0,27.74,25.75,-1.99,-0.28,idle
8591.4,3457,0,27.74,25.73,-2.01,-0.30,idle
8596.4,3457,0,27.74,25.73,-2.01,-0.30,idle
8601.4,3458,0,27.74,25.74,-2.00,-0.29,idle
8606.4,3457,0,27.74,25.72,-2.02,-0.31,idle
8611.4,3457,0,27.74,25.72,-2.02,-0.31,idle
8616.4,3458,0,27.74,25.73,-2.01,-0.30,idle
8621.4,3458,0,27.74,25.72,-2.02,-0.31,idle
8626.4,3458,0,27.74,25.72,-2.02,-0.31,idle
8631.4,3457,0,27.74,25.71,-2.03,-0.32,idle
8636.4,3458,0,27.74,25.72,-2.02,-0.31,idle
8641.4,3458,0,27.74,25.71,-2.03,-0.32,idle
8646.4,3458,0,27.74,25.73,-2.01,-0.30,idle
8651.4,3458,0,27.74,25.71,-2.03,-0.32,idle
8656.4,3316,2004,27.70,25.25,-2.45,-0.74,load
8661.4,3303,2003,27.62,24.94,-2.68,-0.97,load
8666.4,3293,2002,27.54,24.74,-2.80,-1.09,load
8671.4,3286,2003,27.45,24.57,-2.88,-1.17,load
8676.4,3278,2002,27.37,24.42,-2.95,-1.24,load
8681.4,3271,2003,27.29,24.30,-2.99,-1.28,load
8686.3,3265,2003,27.20,24.20,-3.00,-1.29,load
8691.3,3258,2002,27.12,24.08,-3.04,-1.33,load
8696.3,3252,2002,27.04,23.96,-3.08,-1.37,load
8701.3,3247,2003,26.95,23.88,-3.07,-1.36,load
8706.3,3241,2003,26.87,23.77,-3.10,-1.39,load
8711.3,3238,2003,26.79,23.70,-3.09,-1.38,load
8716.3,3233,2003,26.71,23.61,-3.10,-1.39,load
8721.3,3228,2002,26.62,23.51,-3.11,-1.40,load
8726.3,3223,2002,26.54,23.46,-3.08,-1.37,load
8731.3,3221,2003,26.46,23.39,-3.07,-1.36,load
8736.3,3218,2002,26.37,23.32,-3.05,-1.34,load
8741.3,3215,2002,26.29,23.29,-3.00,-1.29,load
8746.3,3211,2002,26.21,23.21,-3.00,-1.29,load
8751.3,3208,2002,26.13,23.14,-2.99,-1.28,load
8756.3,3206,2002,26.04,23.10,-2.94,-1.23,load
8761.3,3202,2002,25.96,23.04,-2.92,-1.21,load
8766.3,3201,2002,25.88,23.00,-2.88,-1.17,load
8771.3,3198,2002,25.79,22.95,-2.84,-1.13,load
8776.3,3195,2002,25.71,22.90,-2.81,-1.10,load
8781.3,3193,2002,25.63,22.85,-2.78,-1.07,load
8786.3,3191,2003,25.54,22.81,-2.73,-1.02,load
8791.3,3190,2002,25.46,22.78,-2.68,-0.97,load
8796.3,3187,2003,25.38,22.73,-2.65,-0.94,load
8801.3,3187,2003,25.30,22.71,-2.59,-0.88,load
8806.3,3183,2003,25.21,22.66,-2.55,-0.84,load
8811.3,3182,2003,25.13,22.61,-2.52,-0.81,load
8816.3,3181,2002,25.05,22.58,-2.47,-0.76,load
8821.3,3178,2002,24.96,22.54,-2.42,-0.71,load
8826.3,3177,2003,24.88,22.48,-2.40,-0.69,load
8831.3,3176,2002,24.80,22.44,-2.36,-0.65,load
8836.3,3175,2002,24.71,22.41,-2.30,-0.59,load
8841.3,3172,2003,24.63,22.35,-2.28,-0.57,load
8846.3,3171,2002,24.55,22.31,-2.24,-0.53,load
8851.3,3170,2002,24.47,22.28,-2.19,-0.48,load
8856.3,3168,2003,24.38,22.22,-2.16,-0.45,load
8861.3,3167,2002,24.30,22.17,-2.13,-0.42,load
8866.2,3165,2002,24.22,22.12,-2.10,-0.39,load
8871.2,3163,2002,24.13,22.04,-2.09,-0.38,load
8876.2,3162,2003,24.05,22.00,-2.05,-0.34,load
8881.2,3160,2003,23.97,21.94,-2.03,-0.32,load
8886.2,3160,2002,23.88,21.90,-1.98,-0.27,load
8891.2,3158,2002,23.80,21.84,-1.96,-0.25,load
8896.2,3156,2002,23.72,21.77,-1.95,-0.24,load
8901.2,3153,2002,23.64,21.70,-1.94,-0.23,load
8906.2,3152,2003,23.55,21.63,-1.92,-0.21,load
8911.2,3151,2002,23.47,21.58,-1.89,-0.18,load
8916.2,3148,2002,23.39,21.49,-1.90,-0.19,load
8921.2,3147,2003,23.30,21.44,-1.86,-0.15,load
8926.2,3145,2003,23.22,21.37,-1.85,-0.14,load
8931.2,3143,2002,23.14,21.30,-1.84,-0.13,load
8936.2,3143,2003,23.06,21.23,-1.83,-0.12,load
8941.2,3141,2003,22.97,21.16,-1.81,-0.10,load
8946.2,3140,2002,22.89,21.10,-1.79,-0.08,load
8951.2,3138,2002,22.81,21.01,-1.80,-0.09,load
8956.2,3136,2002,22.72,20.94,-1.78,-0.07,load
8961.2,3133,2003,22.64,20.87,-1.77,-0.06,load
8966.2,3132,2003,22.56,20.77,-1.79,-0.08,load
8971.2,3130,2002,22.47,20.69,-1.78,-0.07,load
8976.2,3128,2002,22.39,20.62,-1.77,-0.06,load
8981.2,3127,2003,22.31,20.52,-1.79,-0.08,load
8986.2,3126,2003,22.23,20.47,-1.76,-0.05,load
8991.2,3125,2003,22.14,20.38,-1.76,-0.05,load
8996.2,3122,2003,22.06,20.29,-1.77,-0.06,load
9001.2,3120,2003,21.98,20.21,-1.77,-0.06,load
9006.2,3118,2003,21.89,20.12,-1.77,-0.06,load
9011.2,3117,2003,21.81,20.02,-1.79,-0.08,load
9016.2,3116,2002,21.73,19.96,-1.77,-0.06,load
9021.2,3113,2003,21.64,19.86,-1.78,-0.07,load
9026.1,3111,2002,21.56,19.79,-1.77,-0.06,load
9031.1,3110,2002,21.48,19.71,-1.77,-0.06,load
9036.1,3108,2003,21.40,19.62,-1.78,-0.07,load
9041.1,3106,2002,21.31,19.54,-1.77,-0.06,load
9046.1,3238,0,21.23,19.59,-1.64,+0.07,idle
9051.1,3255,0,21.23,19.95,-1.28,+0.43,idle
9056.1,3263,0,21.23,19.99,-1.24,+0.47,idle
9061.1,3271,0,21.23,20.04,-1.19,+0.52,idle
9066.1,3276,0,21.23,20.08,-1.15,+0.56,idle
9071.1,3281,0,21.23,20.10,-1.13,+0.58,idle
9076.1,3285,0,21.23,20.09,-1.14,+0.57,idle
9081.1,3291,0,21.23,20.12,-1.11,+0.60,idle
9086.1,3293,0,21.23,20.09,-1.14,+0.57,idle
9091.1,3297,0,21.23,20.09,-1.14,+0.57,idle
9096.1,3301,0,21.23,20.08,-1.15,+0.56,idle
9101.1,3303,0,21.23,20.05,-1.18,+0.53,idle
9106.1,3306,0,21.23,20.02,-1.21,+0.50,idle
9111.1,3307,0,21.23,20.00,-1.23,+0.48,idle
9116.1,3308,0,21.23,19.92,-1.31,+0.40,idle
9121.1,3311,0,21.23,19.90,-1.33,+0.38,idle
9126.1,3312,0,21.23,19.86,-1.37,+0.34,idle
9131.1,3315,0,21.23,19.84,-1.39,+0.32,idle
9136.1,3317,0,21.23,19.82,-1.41,+0.30,idle
9141.1,3317,0,21.23,19.78,-1.45,+0.26,idle
9146.1,3318,0,21.23,19.73,-1.50,+0.21,idle
9151.1,3320,0,21.23,19.72,-1.51,+0.20,idle
9156.1,3321,0,21.23,19.68,-1.55,+0.16,idle
9161.1,3322,0,21.23,19.65,-1.58,+0.13,idle
9166.1,3323,0,21.23,19.61,-1.62,+0.09,idle
9171.1,3325,0,21.23,19.58,-1.65,+0.06,idle
9176.1,3326,0,21.23,19.57,-1.66,+0.05,idle
9181.1,3326,0,21.23,19.54,-1.69,+0.02,idle
9186.1,3326,0,21.23,19.48,-1.75,-0.04,idle
9191.1,3328,0,21.23,19.35,-1.88,-0.17,idle
9196.0,3328,0,21.23,19.20,-2.03,-0.32,idle
9201.0,3328,0,21.23,19.11,-2.12,-0.41,idle
9206.0,3330,0,21.23,19.02,-2.21,-0.50,idle
9211.0,3331,0,21.23,18.94,-2.29,-0.58,idle
9216.0,3331,0,21.23,18.85,-2.38,-0.67,idle
9221.0,3332,0,21.23,18.78,-2.45,-0.74,idle
9226.0,3332,0,21.23,18.71,-2.52,-0.81,idle
9231.0,3333,0,21.23,18.65,-2.58,-0.87,idle
9236.0,3333,0,21.23,18.60,-2.63,-0.92,idle
9241.0,3335,0,21.23,18.58,-2.65,-0.94,idle
9246.0,3335,0,21.23,18.55,-2.68,-0.97,idle
9251.0,3336,0,21.23,18.50,-2.73,-1.02,idle
9256.0,3336,0,21.23,18.48,-2.75,-1.04,idle
9261.0,3336,0,21.23,18.45,-2.78,-1.07,idle
9266.0,3336,0,21.23,18.42,-2.81,-1.10,idle
9271.0,3336,0,21.23,18.39,-2.84,-1.13,idle
9276.0,3337,0,21.23,18.38,-2.85,-1.14,idle
9281.0,3337,0,21.23,18.37,-2.86,-1.15,idle
9286.0,3338,0,21.23,18.35,-2.88,-1.17,idle
9291.0,3338,0,21.23,18.33,-2.90,-1.19,idle
9296.0,3338,0,21.23,18.31,-2.92,-1.21,idle
9301.0,3340,0,21.23,18.34,-2.89,-1.18,idle
9306.0,3340,0,21.23,18.33,-2.90,-1.19,idle
9311.0,3340,0,21.23,18.33,-2.90,-1.19,idle
9316.0,3341,0,21.23,18.34,-2.89,-1.18,idle
9321.0,3340,0,21.23,18.31,-2.92,-1.21,idle
9326.0,3341,0,21.23,18.33,-2.90,-1.19,idle
9331.0,3341,0,21.23,18.32,-2.91,-1.20,idle
9336.0,3341,0,21.23,18.31,-2.92,-1.21,idle
9341.0,3342,0,21.23,18.33,-2.90,-1.19,idle
9346.0,3342,0,21.23,18.31,-2.92,-1.21,idle
9351.0,3342,0,21.23,18.33,-2.90,-1.19,idle
9356.0,3343,0,21.23,18.33,-2.90,-1.19,idle
9361.0,3342,0,21.23,18.32,-2.91,-1.20,idle
9366.0,3342,0,21.23,18.32,-2.91,-1.20,idle
9370.9,3343,0,21.23,18.33,-2.90,-1.19,idle
9375.9,3343,0,21.23,18.34,-2.89,-1.18,idle
9380.9,3343,0,21.23,18.33,-2.90,-1.19,idle
9385.9,3343,0,21.23,18.35,-2.88,-1.17,idle
9390.9,3343,0,21.23,18.34,-2.89,-1.18,idle
9395.9,3345,0,21.23,18.39,-2.84,-1.13,idle
9400.9,3345,0,21.23,18.38,-2.85,-1.14,idle
9405.9,3345,0,21.23,18.39,-2.84,-1.13,idle
9410.9,3345,0,21.23,18.40,-2.83,-1.12,idle
9415.9,3346,0,21.23,18.40,-2.83,-1.12,idle
9420.9,3345,0,21.23,18.40,-2.83,-1.12,idle
9425.9,3345,0,21.23,18.41,-2.82,-1.11,idle
9430.9,3346,0,21.23,18.42,-2.81,-1.10,idle
9435.9,3346,0,21.23,18.43,-2.80,-1.09,idle
9440.9,3346,0,21.23,18.44,-2.79,-1.08,idle
9445.9,3347,0,21.23,18.45,-2.78,-1.07,idle
9450.9,3346,0,21.23,18.45,-2.78,-1.07,idle
9455.9,3347,0,21.23,18.46,-2.77,-1.06,idle
9460.9,3347,0,21.23,18.47,-2.76,-1.05,idle
9465.9,3347,0,21.23,18.47,-2.76,-1.05,idle
9470.9,3347,0,21.23,18.47,-2.76,-1.05,idle
9475.9,3347,0,21.23,18.48,-2.75,-1.04,idle
9480.9,3347,0,21.23,18.49,-2.74,-1.03,idle
9485.9,3348,0,21.23,18.51,-2.72,-1.01,idle
9490.9,3348,0,21.23,18.51,-2.72,-1.01,idle
9495.9,3348,0,21.23,18.51,-2.72,-1.01,idle
9500.9,3347,0,21.23,18.51,-2.72,-1.01,idle
9505.9,3348,0,21.23,18.52,-2.71,-1.00,idle
9510.9,3348,0,21.23,18.53,-2.70,-0.99,idle
9515.9,3348,0,21.23,18.54,-2.69,-0.98,idle
9520.8,3348,0,21.23,18.53,-2.70,-0.99,idle
9525.8,3350,0,21.23,18.57,-2.66,-0.95,idle
9530.8,3348,0,21.23,18.55,-2.68,-0.97,idle
9535.8,3350,0,21.23,18.57,-2.66,-0.95,idle
9540.8,3348,0,21.23,18.56,-2.67,-0.96,idle
9545.8,3350,0,21.23,18.59,-2.64,-0.93,idle
9550.8,3350,0,21.23,18.60,-2.63,-0.92,idle
9555.8,3348,0,21.23,18.57,-2.66,-0.95,idle
9560.8,3350,0,21.23,18.62,-2.61,-0.90,idle
9565.8,3350,0,21.23,18.62,-2.61,-0.90,idle
9570.8,3351,0,21.23,18.63,-2.60,-0.89,idle
9575.8,3350,0,21.23,18.62,-2.61,-0.90,idle
9580.8,3350,0,21.23,18.64,-2.59,-0.88,idle
9585.8,3351,0,21.23,18.64,-2.59,-0.88,idle
9590.8,3351,0,21.23,18.66,-2.57,-0.86,idle
9595.8,3351,0,21.23,18.66,-2.57,-0.86,idle
9600.8,3350,0,21.23,18.66,-2.57,-0.86,idle
9605.8,3351,0,21.23,18.67,-2.56,-0.85,idle
9610.8,3351,0,21.23,18.67,-2.56,-0.85,idle
9615.8,3351,0,21.23,18.69,-2.54,-0.83,idle
9620.8,3351,0,21.23,18.69,-2.54,-0.83,idle
9625.8,3351,0,21.23,18.69,-2.54,-0.83,idle
9630.8,3352,0,21.23,18.71,-2.52,-0.81,idle
9635.8,3351,0,21.23,18.71,-2.52,-0.81,idle
9640.8,3352,0,21.23,18.70,-2.53,-0.82,idle
9645.8,3351,0,21.23,18.71,-2.52,-0.81,idle
9650.8,3202,2002,21.20,18.54,-2.66,-0.95,load
9655.8,3187,2002,21.12,18.49,-2.63,-0.92,load
9660.8,3176,2003,21.03,18.51,-2.52,-0.81,load
9665.8,3165,2003,20.95,18.52,-2.43,-0.72,load
9670.8,3155,2003,20.87,18.52,-2.35,-0.64,load
9675.8,3145,2003,20.78,18.50,-2.28,-0.57,load
9680.8,3136,2002,20.70,18.46,-2.24,-0.53,load
9685.8,3128,2002,20.62,18.41,-2.21,-0.50,load
9690.7,3121,2002,20.54,18.38,-2.16,-0.45,load
9695.7,3112,2003,20.45,18.31,-2.14,-0.43,load
9700.7,3106,2003,20.37,18.24,-2.13,-0.42,load
9705.7,3101,2002,20.29,18.18,-2.11,-0.40,load
9710.7,3095,2003,20.20,18.07,-2.13,-0.42,load
9715.7,3088,2003,20.12,17.98,-2.14,-0.43,load
9720.7,3083,2003,20.04,17.92,-2.12,-0.41,load
9725.7,3078,2003,19.95,17.82,-2.13,-0.42,load
9730.7,3075,2002,19.87,17.75,-2.12,-0.41,load
9735.7,3070,2003,19.79,17.66,-2.13,-0.42,load
9740.7,3065,2003,19.71,17.55,-2.16,-0.45,load
9745.7,3062,2003,19.62,17.47,-2.15,-0.44,load
9750.7,3058,2002,19.54,17.36,-2.18,-0.47,load
9755.7,3056,2003,19.46,17.30,-2.16,-0.45,load
9760.7,3052,2002,19.37,17.19,-2.18,-0.47,load
9765.7,3050,2003,19.29,17.10,-2.19,-0.48,load
9770.7,3046,2003,19.21,17.01,-2.20,-0.49,load
9775.7,3043,2002,19.12,16.90,-2.22,-0.51,load
9780.7,3041,2003,19.04,16.84,-2.20,-0.49,load
9785.7,3038,2003,18.96,16.73,-2.23,-0.52,load
9790.7,3036,2003,18.88,16.66,-2.22,-0.51,load
9795.7,3033,2002,18.79,16.54,-2.25,-0.54,load
9800.7,3031,2002,18.71,16.46,-2.25,-0.54,load
9805.7,3028,2003,18.63,16.36,-2.27,-0.56,load
9810.7,3027,2003,18.54,16.28,-2.26,-0.55,load
9815.9,3025,2003,18.46,16.19,-2.27,-0.56,load
9820.9,3022,2003,18.37,16.08,-2.29,-0.58,load
9825.9,3020,2003,18.29,16.00,-2.29,-0.58,load
9830.9,3017,2003,18.21,15.88,-2.33,-0.62,load
9835.9,3016,2003,18.13,15.80,-2.33,-0.62,load
9840.9,3012,2003,18.04,15.68,-2.36,-0.65,load
9845.9,3011,2002,17.96,15.59,-2.37,-0.66,load
9850.8,3008,2003,17.88,15.48,-2.40,-0.69,load
9855.8,3006,2002,17.79,15.37,-2.42,-0.71,load
9860.8,3005,2003,17.71,15.30,-2.41,-0.70,load
9865.8,3002,2003,17.63,15.17,-2.46,-0.75,load
9870.8,3000,2003,17.55,15.07,-2.48,-0.77,load
9875.8,2997,2002,17.46,14.95,-2.51,-0.80,load
9880.8,2996,2002,17.38,14.86,-2.52,-0.81,load
9885.8,2993,2002,17.30,14.73,-2.57,-0.86,load
9890.8,2992,2003,17.21,14.64,-2.57,-0.86,load
9895.8,2988,2004,17.13,14.53,-2.60,-0.89,load
9900.8,2987,2004,17.05,14.42,-2.63,-0.92,load
9905.8,2985,2004,16.96,14.32,-2.64,-0.93,load
9910.8,2982,2003,16.88,14.19,-2.69,-0.98,load
9915.8,2980,2003,16.80,14.08,-2.72,-1.01,load
9920.8,2977,2004,16.72,13.94,-2.78,-1.07,load
9925.8,2976,2003,16.63,13.85,-2.78,-1.07,load
9930.8,2973,2004,16.55,13.71,-2.84,-1.13,load
9935.8,2971,2004,16.47,13.61,-2.86,-1.15,load
9940.8,2968,2003,16.38,13.46,-2.92,-1.21,load
9945.8,2966,2003,16.30,13.36,-2.94,-1.23,load
9950.8,2962,2004,16.22,13.21,-3.01,-1.30,load
9955.8,2961,2004,16.13,13.11,-3.02,-1.31,load
9960.8,2958,2003,16.05,12.97,-3.08,-1.37,load
9965.8,3100,0,15.98,13.01,-2.97,-1.26,idle
9970.8,3120,0,15.98,13.14,-2.84,-1.13,idle
9975.8,3132,0,15.98,13.12,-2.86,-1.15,idle
9980.8,3142,0,15.98,13.03,-2.95,-1.24,idle
9985.8,3150,0,15.98,12.94,-3.04,-1.33,idle
9990.8,3157,0,15.98,12.84,-3.14,-1.43,idle
9995.8,3163,0,15.98,12.72,-3.26,-1.55,idle
10006.8,3168,0,15.98,12.64,-3.34,-1.63,idle
10006.8,3173,0,15.98,12.54,-3.44,-1.73,idle
10010.8,3178,0,15.98,12.46,-3.52,-1.81,idle
10015.8,3181,0,15.98,12.38,-3.60,-1.89,idle
10020.8,3185,0,15.98,12.30,-3.68,-1.97,idle
10025.8,3187,0,15.98,12.22,-3.76,-2.05,idle
10030.7,3190,0,15.98,12.18,-3.80,-2.09,idle
10035.7,3193,0,15.98,12.11,-3.87,-2.16,idle
10040.7,3196,0,15.98,12.08,-3.90,-2.19,idle
10045.7,3198,0,15.98,12.03,-3.95,-2.24,idle
10050.7,3200,0,15.98,11.99,-3.99,-2.28,idle
10055.7,3201,0,15.98,11.96,-4.02,-2.31,idle
10060.7,3203,0,15.98,11.94,-4.04,-2.33,idle
10065.7,3205,0,15.98,11.92,-4.06,-2.35,idle
10070.7,3207,0,15.98,11.91,-4.07,-2.36,idle
10075.7,3208,0,15.98,11.87,-4.11,-2.40,idle
10080.7,3210,0,15.98,11.88,-4.10,-2.39,idle
10085.7,3211,0,15.98,11.88,-4.10,-2.39,idle
10090.7,3212,0,15.98,11.86,-4.12,-2.41,idle
10095.7,3212,0,15.98,11.83,-4.15,-2.44,idle
10100.7,3213,0,15.98,11.85,-4.13,-2.42,idle
10105.7,3215,0,15.98,11.86,-4.12,-2.41,idle
10110.7,3216,0,15.98,11.87,-4.11,-2.40,idle
10115.7,3216,0,15.98,11.86,-4.12,-2.41,idle
10120.7,3217,0,15.98,11.86,-4.12,-2.41,idle
10125.7,3218,0,15.98,11.88,-4.10,-2.39,idle
10130.7,3220,0,15.98,11.92,-4.06,-2.35,idle
10135.7,3220,0,15.98,11.91,-4.07,-2.36,idle
10140.7,3220,0,15.98,11.91,-4.07,-2.36,idle
10145.7,3221,0,15.98,11.93,-4.05,-2.34,idle
10150.7,3222,0,15.98,11.94,-4.04,-2.33,idle
10155.7,3222,0,15.98,11.95,-4.03,-2.32,idle
10160.7,3223,0,15.98,11.96,-4.02,-2.31,idle
10165.7,3223,0,15.98,11.98,-4.00,-2.29,idle
10170.7,3225,0,15.98,12.02,-3.96,-2.25,idle
10175.7,3225,0,15.98,12.02,-3.96,-2.25,idle
10180.7,3225,0,15.98,12.04,-3.94,-2.23,idle
10185.7,3227,0,15.98,12.07,-3.91,-2.20,idle
10190.7,3227,0,15.98,12.07,-3.91,-2.20,idle
10195.7,3227,0,15.98,12.07,-3.91,-2.20,idle
10200.7,3227,0,15.98,12.10,-3.88,-2.17,idle
10205.7,3227,0,15.98,12.10,-3.88,-2.17,idle
10210.7,3228,0,15.98,12.14,-3.84,-2.13,idle
10215.7,3228,0,15.98,12.14,-3.84,-2.13,idle
10220.7,3230,0,15.98,12.19,-3.79,-2.08,idle
10225.7,3230,0,15.98,12.20,-3.78,-2.07,idle
10230.7,3231,0,15.98,12.23,-3.75,-2.04,idle
10235.7,3230,0,15.98,12.22,-3.76,-2.05,idle
10240.7,3231,0,15.98,12.24,-3.74,-2.03,idle
10245.7,3232,0,15.98,12.27,-3.71,-2.00,idle
10250.7,3231,0,15.98,12.27,-3.71,-2.00,idle
10255.6,3232,0,15.98,12.30,-3.68,-1.97,idle
10260.6,3232,0,15.98,12.30,-3.68,-1.97,idle
10265.6,3232,0,15.98,12.32,-3.66,-1.95,idle
10270.6,3233,0,15.98,12.33,-3.65,-1.94,idle
10275.6,3233,0,15.98,12.35,-3.63,-1.92,idle
10280.6,3235,0,15.98,12.39,-3.59,-1.88,idle
10285.6,3235,0,15.98,12.39,-3.59,-1.88,idle
10290.6,3235,0,15.98,12.42,-3.56,-1.85,idle
10295.6,3235,0,15.98,12.43,-3.55,-1.84,idle
10300.6,3233,0,15.98,12.43,-3.55,-1.84,idle
10305.6,3235,0,15.98,12.46,-3.52,-1.81,idle
10310.6,3236,0,15.98,12.48,-3.50,-1.79,idle
10315.6,3236,0,15.98,12.49,-3.49,-1.78,idle
10320.6,3237,0,15.98,12.51,-3.47,-1.76,idle
10325.6,3237,0,15.98,12.53,-3.45,-1.74,idle
10330.6,3237,0,15.98,12.54,-3.44,-1.73,idle
10335.6,3238,0,15.98,12.56,-3.42,-1.71,idle
10340.6,3237,0,15.98,12.56,-3.42,-1.71,idle
10345.6,3237,0,15.98,12.55,-3.43,-1.72,idle
10350.6,3238,0,15.98,12.58,-3.40,-1.69,idle
10355.6,3238,0,15.98,12.59,-3.39,-1.68,idle
10360.6,3238,0,15.98,12.61,-3.37,-1.66,idle
10365.6,3238,0,15.98,12.61,-3.37,-1.66,idle
10370.6,3238,0,15.98,12.63,-3.35,-1.64,idle
10375.6,3240,0,15.98,12.64,-3.34,-1.63,idle
10380.6,3238,0,15.98,12.65,-3.33,-1.62,idle
10385.6,3240,0,15.98,12.69,-3.29,-1.58,idle
10390.6,3240,0,15.98,12.69,-3.29,-1.58,idle
10395.6,3240,0,15.98,12.71,-3.27,-1.56,idle
10400.6,3240,0,15.98,12.72,-3.26,-1.55,idle
10405.6,3241,0,15.98,12.73,-3.25,-1.54,idle
10410.6,3240,0,15.98,12.73,-3.25,-1.54,idle
10415.6,3240,0,15.98,12.75,-3.23,-1.52,idle
10420.6,3241,0,15.98,12.75,-3.23,-1.52,idle
10425.6,3242,0,15.98,12.78,-3.20,-1.49,idle
10430.6,3241,0,15.98,12.78,-3.20,-1.49,idle
10435.6,3241,0,15.98,12.78,-3.20,-1.49,idle
10440.6,3241,0,15.98,12.79,-3.19,-1.48,idle
10445.6,3241,0,15.98,12.79,-3.19,-1.48,idle
10450.6,3241,0,15.98,12.80,-3.18,-1.47,idle
10455.6,3242,0,15.98,12.82,-3.16,-1.45,idle
10460.6,3242,0,15.98,12.83,-3.15,-1.44,idle
10465.6,3242,0,15.98,12.84,-3.14,-1.43,idle
10470.6,3242,0,15.98,12.85,-3.13,-1.42,idle
10475.6,3242,0,15.98,12.86,-3.12,-1.41,idle
10480.6,3242,0,15.98,12.85,-3.13,-1.42,idle
10485.6,3242,0,15.98,12.86,-3.12,-1.41,idle
10490.6,3242,0,15.98,12.87,-3.11,-1.40,idle
10495.5,3243,0,15.98,12.90,-3.08,-1.37,idle
10500.5,3245,0,15.98,12.91,-3.07,-1.36,idle
10505.5,3243,0,15.98,12.90,-3.08,-1.37,idle
10510.5,3243,0,15.98,12.92,-3.06,-1.35,idle
10515.5,3245,0,15.98,12.94,-3.04,-1.33,idle
10520.5,3243,0,15.98,12.94,-3.04,-1.33,idle
10525.5,3243,0,15.98,12.95,-3.03,-1.32,idle
10530.5,3245,0,15.98,12.97,-3.01,-1.30,idle
10535.5,3245,0,15.98,12.97,-3.01,-1.30,idle
10540.5,3243,0,15.98,12.95,-3.03,-1.32,idle
10545.5,3245,0,15.98,12.97,-3.01,-1.30,idle
10550.5,3243,0,15.98,12.98,-3.00,-1.29,idle
10555.5,3245,0,15.98,13.01,-2.97,-1.26,idle
10560.5,3245,0,15.98,13.00,-2.98,-1.27,idle
10565.5,3245,0,15.98,13.02,-2.96,-1.25,idle
10570.5,3085,2002,15.94,12.52,-3.42,-1.71,load
10575.7,3065,2003,15.85,12.29,-3.56,-1.85,load
10580.7,3048,2003,15.77,12.13,-3.64,-1.93,load
10585.7,3033,2003,15.68,11.97,-3.71,-2.00,load
10590.7,3020,2003,15.60,11.81,-3.79,-2.08,load
10595.7,3007,2003,15.52,11.64,-3.88,-2.17,load
10600.7,2995,2003,15.44,11.45,-3.99,-2.28,load
10605.7,2983,2002,15.35,11.26,-4.09,-2.38,load
10610.7,2972,2003,15.27,11.03,-4.24,-2.53,load
10615.7,2961,2003,15.19,10.81,-4.38,-2.67,load
10620.7,2952,2002,15.10,10.61,-4.49,-2.78,load
10625.7,2943,2003,15.02,10.42,-4.60,-2.89,load
10630.7,2935,2002,14.94,10.20,-4.74,-3.03,load
10635.7,2926,2002,14.85,9.99,-4.86,-3.15,load
10640.7,2921,2003,14.77,9.89,-4.88,-3.17,load
10645.7,2913,2002,14.69,9.68,-5.01,-3.30,load
10650.7,2908,2002,14.61,9.50,-5.11,-3.40,load
10655.7,2902,2002,14.52,9.35,-5.17,-3.46,load
10660.7,2897,2003,14.44,9.15,-5.29,-3.58,load
10665.7,2893,2003,14.36,8.96,-5.40,-3.69,load
10670.7,2890,2003,14.27,8.79,-5.48,-3.77,load
10675.7,2886,2003,14.19,8.61,-5.58,-3.87,load
10680.7,2882,2003,14.11,8.41,-5.70,-3.99,load
10685.7,2878,2002,14.02,8.21,-5.81,-4.10,load
10690.7,2873,2003,13.94,8.03,-5.91,-4.20,load
10695.7,3042,0,13.92,8.47,-5.45,-3.74,idle
10700.7,3058,0,13.92,8.55,-5.37,-3.66,idle
10705.7,3073,0,13.92,8.55,-5.37,-3.66,idle
10710.6,3083,0,13.92,8.47,-5.45,-3.74,idle
10715.6,3092,0,13.92,8.39,-5.53,-3.82,idle
10720.6,3100,0,13.92,8.32,-5.60,-3.89,idle
10725.6,3106,0,13.92,8.25,-5.67,-3.96,idle
10730.6,3112,0,13.92,8.19,-5.73,-4.02,idle
10735.6,3117,0,13.92,8.12,-5.80,-4.09,idle
10740.6,3121,0,13.92,8.06,-5.86,-4.15,idle
10745.6,3126,0,13.92,8.04,-5.88,-4.17,idle
10750.6,3130,0,13.92,8.00,-5.92,-4.21,idle
10755.6,3132,0,13.92,7.96,-5.96,-4.25,idle
10760.6,3136,0,13.92,7.96,-5.96,-4.25,idle
10765.6,3138,0,13.92,7.94,-5.98,-4.27,idle
10770.6,3142,0,13.92,7.94,-5.98,-4.27,idle
10775.6,3143,0,13.92,7.92,-6.00,-4.29,idle
10780.6,3146,0,13.92,7.95,-5.97,-4.26,idle
10785.6,3148,0,13.92,7.95,-5.97,-4.26,idle
10790.6,3150,0,13.92,7.96,-5.96,-4.25,idle
10795.6,3151,0,13.92,7.98,-5.94,-4.23,idle
10800.6,3153,0,13.92,8.01,-5.91,-4.20,idle
10805.6,3155,0,13.92,8.04,-5.88,-4.17,idle
10810.6,3157,0,13.92,8.06,-5.86,-4.15,idle
10815.6,3157,0,13.92,8.08,-5.84,-4.13,idle
10820.6,3160,0,13.92,8.12,-5.80,-4.09,idle
10825.6,3161,0,13.92,8.16,-5.76,-4.05,idle
10830.6,3162,0,13.92,8.20,-5.72,-4.01,idle
10835.6,3163,0,13.92,8.22,-5.70,-3.99,idle
10840.6,3163,0,13.92,8.25,-5.67,-3.96,idle
10845.6,3166,0,13.92,8.32,-5.60,-3.89,idle
10850.6,3166,0,13.92,8.35,-5.57,-3.86,idle
10855.6,3167,0,13.92,8.38,-5.54,-3.83,idle
10860.6,3168,0,13.92,8.42,-5.50,-3.79,idle
10865.6,3168,0,13.92,8.44,-5.48,-3.77,idle
10870.6,3168,0,13.92,8.48,-5.44,-3.73,idle
10875.6,3170,0,13.92,8.55,-5.37,-3.66,idle
10880.6,3171,0,13.92,8.59,-5.33,-3.62,idle
10885.6,3172,0,13.92,8.63,-5.29,-3.58,idle
10890.6,3172,0,13.92,8.66,-5.26,-3.55,idle
10895.6,3172,0,13.92,8.68,-5.24,-3.53,idle
10900.6,3172,0,13.92,8.73,-5.19,-3.48,idle
10905.6,3173,0,13.92,8.78,-5.14,-3.43,idle
10910.6,3175,0,13.92,8.84,-5.08,-3.37,idle
10915.6,3175,0,13.92,8.86,-5.06,-3.35,idle
10920.6,3176,0,13.92,8.89,-5.03,-3.32,idle
10925.6,3176,0,13.92,8.94,-4.98,-3.27,idle
10930.6,3177,0,13.92,8.97,-4.95,-3.24,idle
10935.6,3177,0,13.92,8.99,-4.93,-3.22,idle
10940.6,3178,0,13.92,9.04,-4.88,-3.17,idle
10945.5,3180,0,13.92,9.09,-4.83,-3.12,idle
10950.5,3180,0,13.92,9.13,-4.79,-3.08,idle
10955.5,3180,0,13.92,9.16,-4.76,-3.05,idle
10960.5,3180,0,13.92,9.20,-4.72,-3.01,idle
10965.5,3180,0,13.92,9.22,-4.70,-2.99,idle
10970.5,3181,0,13.92,9.25,-4.67,-2.96,idle
10975.5,3181,0,13.92,9.29,-4.63,-2.92,idle
10980.5,3182,0,13.92,9.32,-4.60,-2.89,idle
10985.5,3182,0,13.92,9.35,-4.57,-2.86,idle
10990.5,3182,0,13.92,9.37,-4.55,-2.84,idle
10995.5,3183,0,13.92,9.41,-4.51,-2.80,idle
11000.5,3182,0,13.92,9.44,-4.48,-2.77,idle
11005.5,3185,0,13.92,9.48,-4.44,-2.73,idle
11010.5,3185,0,13.92,9.52,-4.40,-2.69,idle
11015.5,3185,0,13.92,9.55,-4.37,-2.66,idle
11020.5,3185,0,13.92,9.56,-4.36,-2.65,idle
11025.5,3185,0,13.92,9.58,-4.34,-2.63,idle
11030.5,3186,0,13.92,9.62,-4.30,-2.59,idle
11035.5,3186,0,13.92,9.63,-4.29,-2.58,idle
11040.5,3186,0,13.92,9.65,-4.27,-2.56,idle
11045.5,3186,0,13.92,9.67,-4.25,-2.54,idle
11050.5,3187,0,13.92,9.69,-4.23,-2.52,idle
11055.5,3188,0,13.92,9.72,-4.20,-2.49,idle
11060.5,3188,0,13.92,9.75,-4.17,-2.46,idle
11065.5,3187,0,13.92,9.75,-4.17,-2.46,idle
11070.5,3188,0,13.92,9.78,-4.14,-2.43,idle
11075.5,3188,0,13.92,9.80,-4.12,-2.41,idle
11080.5,3187,0,13.92,9.80,-4.12,-2.41,idle
11085.5,3190,0,13.92,9.86,-4.06,-2.35,idle
11090.5,3188,0,13.92,9.87,-4.05,-2.34,idle
11095.5,3190,0,13.92,9.92,-4.00,-2.29,idle
11100.5,3190,0,13.92,9.93,-3.99,-2.28,idle
11105.5,3190,0,13.92,9.95,-3.97,-2.26,idle
11110.5,3190,0,13.92,9.96,-3.96,-2.25,idle
11115.5,3191,0,13.92,9.99,-3.93,-2.22,idle
11120.5,3190,0,13.92,9.99,-3.93,-2.22,idle
11125.5,3191,0,13.92,10.02,-3.90,-2.19,idle
11130.5,3191,0,13.92,10.03,-3.89,-2.18,idle
11135.5,3191,0,13.92,10.05,-3.87,-2.16,idle
11140.5,3191,0,13.92,10.06,-3.86,-2.15,idle
11145.5,3192,0,13.92,10.08,-3.84,-2.13,idle
11150.5,3192,0,13.92,10.08,-3.84,-2.13,idle
11155.5,3192,0,13.92,10.10,-3.82,-2.11,idle
11160.5,3192,0,13.92,10.10,-3.82,-2.11,idle
11165.5,3192,0,13.92,10.12,-3.80,-2.09,idle
11170.5,3192,0,13.92,10.14,-3.78,-2.07,idle
11175.5,3193,0,13.92,10.15,-3.77,-2.06,idle
11180.5,3193,0,13.92,10.17,-3.75,-2.04,idle
11185.5,3193,0,13.92,10.17,-3.75,-2.04,idle
11190.5,3195,0,13.92,10.20,-3.72,-2.01,idle
11195.5,3193,0,13.92,10.19,-3.73,-2.02,idle
11200.5,3195,0,13.92,10.23,-3.69,-1.98,idle
11205.4,3193,0,13.92,10.23,-3.69,-1.98,idle
11210.4,3195,0,13.92,10.26,-3.66,-1.95,idle
11215.4,3195,0,13.92,10.27,-3.65,-1.94,idle
11220.4,3195,0,13.92,10.28,-3.64,-1.93,idle
11225.4,3195,0,13.92,10.28,-3.64,-1.93,idle
11230.4,3195,0,13.92,10.31,-3.61,-1.90,idle
11235.4,3195,0,13.92,10.31,-3.61,-1.90,idle
11240.4,3195,0,13.92,10.32,-3.60,-1.89,idle
11245.4,3196,0,13.92,10.34,-3.58,-1.87,idle
11250.4,3196,0,13.92,10.35,-3.57,-1.86,idle
11255.4,3196,0,13.92,10.35,-3.57,-1.86,idle
11260.4,3196,0,13.92,10.36,-3.56,-1.85,idle
11265.4,3196,0,13.92,10.37,-3.55,-1.84,idle
11270.4,3196,0,13.92,10.38,-3.54,-1.83,idle
11275.4,3196,0,13.92,10.38,-3.54,-1.83,idle
11280.4,3197,0,13.92,10.40,-3.52,-1.81,idle
11285.4,3196,0,13.92,10.41,-3.51,-1.80,idle
11290.4,3197,0,13.92,10.41,-3.51,-1.80,idle
11295.4,3197,0,13.92,10.43,-3.49,-1.78,idle
11300.4,3197,0,13.92,10.43,-3.49,-1.78,idle
11305.4,3197,0,13.92,10.43,-3.49,-1.78,idle
11311.6,3197,0,13.92,10.45,-3.47,-1.76,idle
11315.4,3197,0,13.92,10.45,-3.47,-1.76,idle
11320.4,3198,0,13.92,10.46,-3.46,-1.75,idle
11332.1,3198,0,13.92,10.48,-3.44,-1.73,idle
11332.2,3198,0,13.92,10.49,-3.43,-1.72,idle
